"tag=""%""@2022-01-30T14:22:28.583";D_693A33E5-0655-4D13-8077-CCFA3FE64433;צפירה - אתגר קרת;5425;"""שמעת,"" אמר לי צורי בפה מלא פלאפל, ""שרון עבר היום את הראיון,
אחרי הגיוס יש לו עוד איזה גיבושון קטן, והוא בשייטת";". אתה יודע מה
זה***""שמעת,"" אמר לי צורי בפה מלא פלאפל, ""שרון עבר היום את הראיון,
אחרי הגיוס יש לו עוד איזה גיבושון קטן, והוא בשייטת***פגשתי את אביב וצורי.
";1713;1825;C_E3332BBA-732C-428D-99F0-E3A0302D0305;צפירה - אתגר קרת Default Annotations;/NotDescriptive;;"#FF272D";CATMA_CDFE1BDA-8132-43AC-93BE-DF096556BC8E;;;
"tag=""%""@2022-01-30T14:22:28.583";D_693A33E5-0655-4D13-8077-CCFA3FE64433;צפירה - אתגר קרת;5425;"תאום משום מקום באה צפירה ,שכחתי בכלל שהיום יום
הזכרון. שרון וגלעד הזדקפו שניהם. ";"הסתכלתי עליהם עומדים כמו בובות***תאום משום מקום באה צפירה ,שכחתי בכלל שהיום יום
הזכרון. שרון וגלעד הזדקפו שניהם. ***הפחד
שיתק אותי. פ";4837;4918;C_E3332BBA-732C-428D-99F0-E3A0302D0305;צפירה - אתגר קרת Default Annotations;/NotDescriptive;;"#FF272D";CATMA_BDB330D4-2BA2-4104-8276-C07FC82C6BD7;;;
"tag=""%""@2022-01-30T14:22:28.583";D_693A33E5-0655-4D13-8077-CCFA3FE64433;צפירה - אתגר קרת;5425;ביום השואה לקחו את כל הכיתות לאולם התעמלות.;" באולם סידרו מין
במה מאולתרת***ביום השואה לקחו את כל הכיתות לאולם התעמלות.***צפירה
";7;50;C_E3332BBA-732C-428D-99F0-E3A0302D0305;צפירה - אתגר קרת Default Annotations;/NotDescriptive;;"#FF272D";CATMA_3B5A7A75-133B-46CA-90D4-FA8E8DFBB3DF;;;
"tag=""%""@2022-01-30T14:22:28.583";D_693A33E5-0655-4D13-8077-CCFA3FE64433;צפירה - אתגר קרת;5425;"ואני התחלתי ללכת. ";"""לא, לא משם***ואני התחלתי ללכת. ***,"" היא אמרה.
";3445;3463;C_E3332BBA-732C-428D-99F0-E3A0302D0305;צפירה - אתגר קרת Default Annotations;/NotDescriptive;;"#FF272D";CATMA_9BC9AEEA-4BBE-4267-A35B-3D2D414A7F2B;;;
"tag=""%""@2022-01-30T14:22:28.583";D_693A33E5-0655-4D13-8077-CCFA3FE64433;צפירה - אתגר קרת;5425;" אתה יודע מה
זה להיות בשייטת? הם בוחרים אחד מאלף..."" אביב התחיל לקלל";" ,
נפתחה לו הפיתה מלמטה*** אתה יודע מה
זה להיות בשייטת? הם בוחרים אחד מאלף..."" אביב התחיל לקלל***קטן, והוא בשייטת.";1826;1895;C_E3332BBA-732C-428D-99F0-E3A0302D0305;צפירה - אתגר קרת Default Annotations;/NotDescriptive;;"#FF272D";CATMA_F02C05C2-2EA7-4C9E-BBC1-A6CB90092DED;;;
"tag=""%""@2022-01-30T14:22:28.583";D_693A33E5-0655-4D13-8077-CCFA3FE64433;צפירה - אתגר קרת;5425;"הסתכלתי עליהם עומדים כמו בובות
בחלון ראווה";", וכל הפחד שלי פתאום***הסתכלתי עליהם עומדים כמו בובות
בחלון ראווה***שרון וגלעד הזדקפו שניהם. ";4918;4961;C_E3332BBA-732C-428D-99F0-E3A0302D0305;צפירה - אתגר קרת Default Annotations;/Descriptive;;"#38FF6C";CATMA_AAE289EA-299C-4555-B4CC-BF4B9A9EEEF6;;;
"tag=""%""@2022-01-30T14:22:28.583";D_693A33E5-0655-4D13-8077-CCFA3FE64433;צפירה - אתגר קרת;5425;"באולם סידרו מין
במה מאולתרת ומאחוריה הדביקו על הקיר בריסטולים שחורים עם
שמות של מחנות ריכוז וציורים של גדרות תיל";". כשנכנסנו לאולם, סיון***באולם סידרו מין
במה מאולתרת ומאחוריה הדביקו על הקיר בריסטולים שחורים עם
שמות של מחנות ריכוז וציורים של גדרות תיל***כל הכיתות לאולם התעמלות. ";51;165;C_E3332BBA-732C-428D-99F0-E3A0302D0305;צפירה - אתגר קרת Default Annotations;/Descriptive;;"#38FF6C";CATMA_5C7B5979-D300-461B-B814-35FAF0A6185F;;;
"tag=""%""@2022-01-30T14:22:28.583";D_693A33E5-0655-4D13-8077-CCFA3FE64433;צפירה - אתגר קרת;5425;"""לא, לא משם"", משכה את זרועי.";" מגע ידה היה קר
ונעים***""לא, לא משם"", משכה את זרועי.***.
ואני התחלתי ללכת. ";3463;3491;C_E3332BBA-732C-428D-99F0-E3A0302D0305;צפירה - אתגר קרת Default Annotations;/NotDescriptive;;"#FF272D";CATMA_932AF28A-1D14-420A-B2B5-0763C82BC3E1;;;
"tag=""%""@2022-01-30T14:22:28.583";D_693A33E5-0655-4D13-8077-CCFA3FE64433;צפירה - אתגר קרת;5425;"היית צריך לראות אותם עושים חארקות על האופניים של
שולם, כמו ילדים קטנים";". שרון היה מה זה***היית צריך לראות אותם עושים חארקות על האופניים של
שולם, כמו ילדים קטנים***עפו לו מהפה, """;2107;2178;C_E3332BBA-732C-428D-99F0-E3A0302D0305;צפירה - אתגר קרת Default Annotations;/NotDescriptive;;"#FF272D";CATMA_44145250-AC59-452C-B176-2CC3F0252FFA;;;
"tag=""%""@2022-01-30T14:22:28.583";D_693A33E5-0655-4D13-8077-CCFA3FE64433;צפירה - אתגר קרת;5425;"איפה שרון?"" שאלתי, ""לא ראיתי אותו היום."" הקול שלי
קצת רעד";". ""שרון במבדקים של***איפה שרון?"" שאלתי, ""לא ראיתי אותו היום."" הקול שלי
קצת רעד***לה ממש בגוף. """;396;454;C_E3332BBA-732C-428D-99F0-E3A0302D0305;צפירה - אתגר קרת Default Annotations;/NotDescriptive;;"#FF272D";CATMA_61CA76D4-2C00-43B4-BE1E-432F751D956F;;;
"tag=""%""@2022-01-30T14:22:28.583";D_693A33E5-0655-4D13-8077-CCFA3FE64433;צפירה - אתגר קרת;5425;וכל הפחד שלי פתאום נעלם;". גלעד שעמד מתוח,***וכל הפחד שלי פתאום נעלם***כמו בובות
בחלון ראווה, ";4963;4986;C_E3332BBA-732C-428D-99F0-E3A0302D0305;צפירה - אתגר קרת Default Annotations;/NotDescriptive;;"#FF272D";CATMA_F2C013C4-E928-4FDE-91A7-ED19EC5EF868;;;
"tag=""%""@2022-01-30T14:22:28.583";D_693A33E5-0655-4D13-8077-CCFA3FE64433;צפירה - אתגר קרת;5425;"כשנכנסנו לאולם, סיון
ביקשה ממני שאשמור לה מקום. תפסתי לנו שני מקומות.";" סיון התיישבה
לידי, היה***כשנכנסנו לאולם, סיון
ביקשה ממני שאשמור לה מקום. תפסתי לנו שני מקומות.***וציורים של גדרות תיל. ";167;237;C_E3332BBA-732C-428D-99F0-E3A0302D0305;צפירה - אתגר קרת Default Annotations;/NotDescriptive;;"#FF272D";CATMA_CA98939F-F876-45B8-B2FA-300FC51B7262;;;
"tag=""%""@2022-01-30T14:22:28.583";D_693A33E5-0655-4D13-8077-CCFA3FE64433;צפירה - אתגר קרת;5425;"""הם יבואו מהשער אז כדאי שתצא מהחור בגדר שמאחורי
הצריפים""";". שמחתי שסיון דואגת לי***""הם יבואו מהשער אז כדאי שתצא מהחור בגדר שמאחורי
הצריפים""***ידה היה קר
ונעים. ";3515;3572;C_E3332BBA-732C-428D-99F0-E3A0302D0305;צפירה - אתגר קרת Default Annotations;/NotDescriptive;;"#FF272D";CATMA_0C3A2DA2-A15E-475C-8C3C-0191AA5C2DEE;;;
"tag=""%""@2022-01-30T14:22:28.583";D_693A33E5-0655-4D13-8077-CCFA3FE64433;צפירה - אתגר קרת;5425;"שרון היה מה זה מרוצה שעבר את שלב
הראיון ";".אח שלי אמר שדווקא***שרון היה מה זה מרוצה שעבר את שלב
הראיון ***, כמו ילדים קטנים. ";2180;2221;C_E3332BBA-732C-428D-99F0-E3A0302D0305;צפירה - אתגר קרת Default Annotations;/NotDescriptive;;"#FF272D";CATMA_9D2DFF67-4D96-4A72-8A49-1CFABB382D41;;;
"tag=""%""@2022-01-30T14:22:28.583";D_693A33E5-0655-4D13-8077-CCFA3FE64433;צפירה - אתגר קרת;5425;"שרון במבדקים של הקומנדו הימי,"" אמרה סיון בגאווה,
""הוא כבר עבר כמעט את כל השלבים, נשאר לו רק עוד איזה ראיון"".";"
מרחוק ראיתי את גלעד מתקרב***שרון במבדקים של הקומנדו הימי,"" אמרה סיון בגאווה,
""הוא כבר עבר כמעט את כל השלבים, נשאר לו רק עוד איזה ראיון"".***שלי
קצת רעד. """;457;567;C_E3332BBA-732C-428D-99F0-E3A0302D0305;צפירה - אתגר קרת Default Annotations;/NotDescriptive;;"#FF272D";CATMA_90E230D7-0630-44DB-97FD-A8ECCFBB02DC;;;
"tag=""%""@2022-01-30T14:22:28.583";D_693A33E5-0655-4D13-8077-CCFA3FE64433;צפירה - אתגר קרת;5425;" גלעד שעמד מתוח, עיניו
עצומות, והחזיק את הז'קט של שרון בידו נראה לי כמו קולב בגדים
מגודל";". ושרון, עם המבט*** גלעד שעמד מתוח, עיניו
עצומות, והחזיק את הז'קט של שרון בידו נראה לי כמו קולב בגדים
מגודל***הפחד שלי פתאום נעלם.";4987;5077;C_E3332BBA-732C-428D-99F0-E3A0302D0305;צפירה - אתגר קרת Default Annotations;/NotDescriptive;;"#FF272D";CATMA_4408F0A2-6A26-4B63-953A-C7FE6EC3C943;;;
"tag=""%""@2022-01-30T14:22:28.583";D_693A33E5-0655-4D13-8077-CCFA3FE64433;צפירה - אתגר קרת;5425;"הג'ינס היה דק ונעים כזה, והתרגשתי כאילו נגעתי
לה ממש בגוף.";" ""איפה שרון?""***הג'ינס היה דק ונעים כזה, והתרגשתי כאילו נגעתי
לה ממש בגוף.***ידי נגעה בג'ינס שלה. ";335;394;C_E3332BBA-732C-428D-99F0-E3A0302D0305;צפירה - אתגר קרת Default Annotations;/Descriptive;;"#38FF6C";CATMA_3A3075D3-498E-4317-9F4D-4AAA6A2C284B;;;
"tag=""%""@2022-01-30T14:22:28.583";D_693A33E5-0655-4D13-8077-CCFA3FE64433;צפירה - אתגר קרת;5425;"שמחתי שסיון דואגת לי כל-כך, אפילו יותר משפחדתי ";".
מאחורי הצריפים חיכה לי***שמחתי שסיון דואגת לי כל-כך, אפילו יותר משפחדתי ***בגדר שמאחורי
הצריפים"". ";3574;3621;C_E3332BBA-732C-428D-99F0-E3A0302D0305;צפירה - אתגר קרת Default Annotations;/NotDescriptive;;"#FF272D";CATMA_AF2911B7-1A4D-4025-AF12-3DF3058EDA12;;;
"tag=""%""@2022-01-30T14:22:28.583";D_693A33E5-0655-4D13-8077-CCFA3FE64433;צפירה - אתגר קרת;5425;".אח שלי אמר שדווקא בראיון האישי נופלים הכי הרבה."" הלכתי 
למגרש של בית-ספר, אבל אף אחד לא היה שם. האופניים של שולם,
שהיו קשורות תמיד למעקה שליד חדר האחות, נעלמו ";",על המדרגות
היתה זרוקה***.אח שלי אמר שדווקא בראיון האישי נופלים הכי הרבה."" הלכתי 
למגרש של בית-ספר, אבל אף אחד לא היה שם. האופניים של שולם,
שהיו קשורות תמיד למעקה שליד חדר האחות, נעלמו ***מרוצה שעבר את שלב
הראיון ";2221;2383;C_E3332BBA-732C-428D-99F0-E3A0302D0305;צפירה - אתגר קרת Default Annotations;/NotDescriptive;;"#FF272D";CATMA_929A9175-2FB4-4E23-9081-27AA1F3E462F;;;
"tag=""%""@2022-01-30T14:22:28.583";D_693A33E5-0655-4D13-8077-CCFA3FE64433;צפירה - אתגר קרת;5425;"מרחוק ראיתי את גלעד מתקרב אלינו במעבר, ""אתה יודע שהוא הולך
לקבל במסיבת סיום פרס תלמיד מצטיין? המנהל כבר הודיע""";". ""סיון"",***מרחוק ראיתי את גלעד מתקרב אלינו במעבר, ""אתה יודע שהוא הולך
לקבל במסיבת סיום פרס תלמיד מצטיין? המנהל כבר הודיע""***עוד איזה ראיון"".
";568;679;C_E3332BBA-732C-428D-99F0-E3A0302D0305;צפירה - אתגר קרת Default Annotations;/NotDescriptive;;"#FF272D";CATMA_4B95BC63-EAA2-4AC5-8D58-A1CAF321BE73;;;
"tag=""%""@2022-01-30T14:22:28.583";D_693A33E5-0655-4D13-8077-CCFA3FE64433;צפירה - אתגר קרת;5425;ושרון, עם המבט הרצחני שלו והיד המאוגרפת,;" נראה פתאום כמו
ילד קטן***ושרון, עם המבט הרצחני שלו והיד המאוגרפת,***כמו קולב בגדים
מגודל. ";5079;5119;C_E3332BBA-732C-428D-99F0-E3A0302D0305;צפירה - אתגר קרת Default Annotations;/NotDescriptive;;"#FF272D";CATMA_8FA1E37D-DD75-4973-A144-551688B54B8B;;;
"tag=""%""@2022-01-30T14:22:28.583";D_693A33E5-0655-4D13-8077-CCFA3FE64433;צפירה - אתגר קרת;5425;"מה מהטתניקים עלו על הבמה והטקס
התחיל ";".
9
אחרי שכל התלמידים***מה מהטתניקים עלו על הבמה והטקס
התחיל ***שלי עדיין הזיעה. כ";1020;1058;C_E3332BBA-732C-428D-99F0-E3A0302D0305;צפירה - אתגר קרת Default Annotations;/Descriptive;;"#38FF6C";CATMA_D611B1E8-8179-45AB-B536-88D155812C29;;;
"tag=""%""@2022-01-30T14:22:28.583";D_693A33E5-0655-4D13-8077-CCFA3FE64433;צפירה - אתגר קרת;5425;מאחורי הצריפים חיכה לי שרון.;" ""אל תחשוב על זה***מאחורי הצריפים חיכה לי שרון.***, אפילו יותר משפחדתי .
";3624;3652;C_E3332BBA-732C-428D-99F0-E3A0302D0305;צפירה - אתגר קרת Default Annotations;/NotDescriptive;;"#FF272D";CATMA_1AF7BFE3-87FB-49EA-9D1B-2A818A7F5663;;;
"tag=""%""@2022-01-30T14:22:28.583";D_693A33E5-0655-4D13-8077-CCFA3FE64433;צפירה - אתגר קרת;5425;"בבוקר שבאתי לבית-ספר
האופניים עוד לא היו שם";". חיכיתי שכולם יכנסו לכיתות***בבוקר שבאתי לבית-ספר
האופניים עוד לא היו שם***מפורקת ומנעול של ירדני. ";2437;2481;C_E3332BBA-732C-428D-99F0-E3A0302D0305;צפירה - אתגר קרת Default Annotations;/NotDescriptive;;"#FF272D";CATMA_5F324C95-4B21-4525-9D94-471D29B976E8;;;
"tag=""%""@2022-01-30T14:22:28.583";D_693A33E5-0655-4D13-8077-CCFA3FE64433;צפירה - אתגר קרת;5425;"""סיון"",
אמר גלעד שהגיע כבר ממש עד אלינו, ""מה את עושה כאן? הספסלים
האלה ממש לא נוחים.";" בואי ,שמרתי לך מקום***""סיון"",
אמר גלעד שהגיע כבר ממש עד אלינו, ""מה את עושה כאן? הספסלים
האלה ממש לא נוחים.***המנהל כבר הודיע"". ";681;767;C_E3332BBA-732C-428D-99F0-E3A0302D0305;צפירה - אתגר קרת Default Annotations;/NotDescriptive;;"#FF272D";CATMA_BEF2652E-AFE0-4F78-8E4F-DF286D5AAB10;;;
"tag=""%""@2022-01-30T14:22:28.583";D_693A33E5-0655-4D13-8077-CCFA3FE64433;צפירה - אתגר קרת;5425;"הלכתי
לפירצה בגדר ויצאתי ממנה לאט ובשקט, מאחורי שמעתי את שרון מסנן
בשקט, ""אנחנו עוד נזיין אותך""";". אבל הוא לא זז***הלכתי
לפירצה בגדר ויצאתי ממנה לאט ובשקט, מאחורי שמעתי את שרון מסנן
בשקט, ""אנחנו עוד נזיין אותך""***שראה פעם בסרט פעולה .";5187;5284;C_E3332BBA-732C-428D-99F0-E3A0302D0305;צפירה - אתגר קרת Default Annotations;/NotDescriptive;;"#FF272D";CATMA_30966816-FA47-4C79-BDE6-AA475F7FCB4E;;;
"tag=""%""@2022-01-30T14:22:28.583";D_693A33E5-0655-4D13-8077-CCFA3FE64433;צפירה - אתגר קרת;5425;"נפתחה לו הפיתה מלמטה וכל הטחינה והמים של הסלט התחילו ליזול לו
על הידיים";". ""פגשנו אותו עכשיו***נפתחה לו הפיתה מלמטה וכל הטחינה והמים של הסלט התחילו ליזול לו
על הידיים***"" אביב התחיל לקלל ,
";1899;1971;C_E3332BBA-732C-428D-99F0-E3A0302D0305;צפירה - אתגר קרת Default Annotations;/Descriptive;;"#38FF6C";CATMA_53B8858A-3FFD-40BB-9B50-BED3E35CCC04;;;
"tag=""%""@2022-01-30T14:22:28.583";D_693A33E5-0655-4D13-8077-CCFA3FE64433;צפירה - אתגר קרת;5425;"""אל תחשוב על זה אפילו"", אמר, ""אין
לך סיכוי""";". הסתובבתי. מאחורי עמד***""אל תחשוב על זה אפילו"", אמר, ""אין
לך סיכוי""***הצריפים חיכה לי שרון. ";3653;3697;C_E3332BBA-732C-428D-99F0-E3A0302D0305;צפירה - אתגר קרת Default Annotations;/NotDescriptive;;"#FF272D";CATMA_D9460281-2ABB-44BC-8A22-41DECA0ABDD1;;;
"tag=""%""@2022-01-30T14:22:28.583";D_693A33E5-0655-4D13-8077-CCFA3FE64433;צפירה - אתגר קרת;5425;"חיכיתי שכולם יכנסו לכיתות ואז הלכתי לספר
למנהל";". המנהל אמר שעשיתי את***חיכיתי שכולם יכנסו לכיתות ואז הלכתי לספר
למנהל***עוד לא היו שם. ";2483;2530;C_E3332BBA-732C-428D-99F0-E3A0302D0305;צפירה - אתגר קרת Default Annotations;/NotDescriptive;;"#FF272D";CATMA_827E298F-4536-426B-99D4-999551A7660A;;;
"tag=""%""@2022-01-30T14:22:28.583";D_693A33E5-0655-4D13-8077-CCFA3FE64433;צפירה - אתגר קרת;5425;"בואי ,שמרתי לך מקום בכסאות מאחורה."" ""כן,""
חייכה אלי סיון חיוך מתנצל וקמה, ""כאן ממש צפוף.""";" היא הלכה לשבת
עם גלעד***בואי ,שמרתי לך מקום בכסאות מאחורה."" ""כן,""
חייכה אלי סיון חיוך מתנצל וקמה, ""כאן ממש צפוף.""***האלה ממש לא נוחים. ";768;858;C_E3332BBA-732C-428D-99F0-E3A0302D0305;צפירה - אתגר קרת Default Annotations;/NotDescriptive;;"#FF272D";CATMA_33A1919F-A688-4760-8BAD-8C399423022D;;;
"tag=""%""@2022-01-30T14:22:28.583";D_693A33E5-0655-4D13-8077-CCFA3FE64433;צפירה - אתגר קרת;5425;אבל הוא לא זז אפילו מילימטר;". אני
המשכתי ללכת הביתה***אבל הוא לא זז אפילו מילימטר***עוד נזיין אותך"". ";5286;5313;C_E3332BBA-732C-428D-99F0-E3A0302D0305;צפירה - אתגר קרת Default Annotations;/NotDescriptive;;"#FF272D";CATMA_984F17ED-201B-498C-9418-B84EB47D3023;;;
"tag=""%""@2022-01-30T14:22:28.583";D_693A33E5-0655-4D13-8077-CCFA3FE64433;צפירה - אתגר קרת;5425;"צורי חצי גיחך חצי נחנק וחתיכות של עגבניה ופיתה
עפו לו מהפה";", ""היית צריך לראות***צורי חצי גיחך חצי נחנק וחתיכות של עגבניה ופיתה
עפו לו מהפה***, בירות והכל."" ";2045;2104;C_E3332BBA-732C-428D-99F0-E3A0302D0305;צפירה - אתגר קרת Default Annotations;/Descriptive;;"#38FF6C";CATMA_22DA7853-83D7-4295-A58A-022D23F9721E;;;
"tag=""%""@2022-01-30T14:22:28.583";D_693A33E5-0655-4D13-8077-CCFA3FE64433;צפירה - אתגר קרת;5425;הסתובבתי;". מאחורי עמד גלעד.***הסתובבתי***אין
לך סיכוי"". ";3699;3707;C_E3332BBA-732C-428D-99F0-E3A0302D0305;צפירה - אתגר קרת Default Annotations;/NotDescriptive;;"#FF272D";CATMA_A167F795-E7EF-4067-9870-E054A38BE2B8;;;
"tag=""%""@2022-01-30T14:22:28.583";D_693A33E5-0655-4D13-8077-CCFA3FE64433;צפירה - אתגר קרת;5425;" היא הלכה לשבת
עם גלעד מאחורה.";" גלעד היה החבר הכי טוב*** היא הלכה לשבת
עם גלעד מאחורה.***כאן ממש צפוף.""";858;889;C_E3332BBA-732C-428D-99F0-E3A0302D0305;צפירה - אתגר קרת Default Annotations;/NotDescriptive;;"#FF272D";CATMA_9E66A41B-9430-4ECB-A97C-8017340ABD0A;;;
"tag=""%""@2022-01-30T14:22:28.583";D_693A33E5-0655-4D13-8077-CCFA3FE64433;צפירה - אתגר קרת;5425;"על המדרגות
היתה זרוקה שרשרת מפורקת ומנעול של ירדני";". בבוקר שבאתי לבית-ספר
האופניים***על המדרגות
היתה זרוקה שרשרת מפורקת ומנעול של ירדני***חדר האחות, נעלמו ,";2384;2435;C_E3332BBA-732C-428D-99F0-E3A0302D0305;צפירה - אתגר קרת Default Annotations;/Descriptive;;"#38FF6C";CATMA_4C39E6DF-9DE4-4877-B7F4-C7923EF264EB;;;
"tag=""%""@2022-01-30T14:22:28.583";D_693A33E5-0655-4D13-8077-CCFA3FE64433;צפירה - אתגר קרת;5425;מאחורי עמד גלעד;". ""תמיד ידעתי שאתה***מאחורי עמד גלעד***סיכוי"". הסתובבתי. ";3709;3724;C_E3332BBA-732C-428D-99F0-E3A0302D0305;צפירה - אתגר קרת Default Annotations;/NotDescriptive;;"#FF272D";CATMA_7EB48781-6C94-48A6-88AD-1DA27A90D94B;;;
"tag=""%""@2022-01-30T14:22:28.583";D_693A33E5-0655-4D13-8077-CCFA3FE64433;צפירה - אתגר קרת;5425;"מנהל אמר שעשיתי את הדבר הנכון, ושאף אחד לא ידע על
השיחה שלנו, וביקש מהמזכירה שתרשום";"
10
לי פתק איחור.***מנהל אמר שעשיתי את הדבר הנכון, ושאף אחד לא ידע על
השיחה שלנו, וביקש מהמזכירה שתרשום***הלכתי לספר
למנהל. ה";2533;2617;C_E3332BBA-732C-428D-99F0-E3A0302D0305;צפירה - אתגר קרת Default Annotations;/NotDescriptive;;"#FF272D";CATMA_C4D4A57A-D65D-473E-94E7-705664E5E5AC;;;
"tag=""%""@2022-01-30T14:22:28.583";D_693A33E5-0655-4D13-8077-CCFA3FE64433;צפירה - אתגר קרת;5425;"לעד היה החבר הכי טוב של שרון, הם שיחקו יחד
בנבחרת הכדורסל של התיכון.";" אני הסתכלתי על הבמה ונשמתי***לעד היה החבר הכי טוב של שרון, הם שיחקו יחד
בנבחרת הכדורסל של התיכון.***עם גלעד מאחורה. ג";891;960;C_E3332BBA-732C-428D-99F0-E3A0302D0305;צפירה - אתגר קרת Default Annotations;/NotDescriptive;;"#FF272D";CATMA_B03C1CAD-8142-4077-B146-051B7B53D8D0;;;
"tag=""%""@2022-01-30T14:22:28.583";D_693A33E5-0655-4D13-8077-CCFA3FE64433;צפירה - אתגר קרת;5425;"מגע ידה היה קר
ונעים";". ""הם יבואו מהשער***מגע ידה היה קר
ונעים***, משכה את זרועי. ";3492;3513;C_E3332BBA-732C-428D-99F0-E3A0302D0305;צפירה - אתגר קרת Default Annotations;/Descriptive;;"#38FF6C";CATMA_653FA946-CC65-42D0-9A33-A34E1A3C41DE;;;
"tag=""%""@2022-01-30T14:22:28.583";D_693A33E5-0655-4D13-8077-CCFA3FE64433;צפירה - אתגר קרת;5425;"תמיד ידעתי שאתה נקניק"",
אמר שרון, ""אבל אף פעם לא חשבתי שאתה טיפוס של מלשין""";". ""למה
הלשנת עלינו***תמיד ידעתי שאתה נקניק"",
אמר שרון, ""אבל אף פעם לא חשבתי שאתה טיפוס של מלשין""***מאחורי עמד גלעד. """;3727;3803;C_E3332BBA-732C-428D-99F0-E3A0302D0305;צפירה - אתגר קרת Default Annotations;/NotDescriptive;;"#FF272D";CATMA_BB7A3B68-6455-4897-85B6-94ED7ABDA498;;;
"tag=""%""@2022-01-30T14:22:28.583";D_693A33E5-0655-4D13-8077-CCFA3FE64433;צפירה - אתגר קרת;5425;"באותו יום לא קרה כלום, וגם לא ביום שאחרי, אבל ביום 
חמישי המנהל נכנס לכיתה עם שוטר במדים וביקש משרון וגלעד לצאת";" .
לא עשו להם כלום***באותו יום לא קרה כלום, וגם לא ביום שאחרי, אבל ביום 
חמישי המנהל נכנס לכיתה עם שוטר במדים וביקש משרון וגלעד לצאת***10
לי פתק איחור. ";2637;2749;C_E3332BBA-732C-428D-99F0-E3A0302D0305;צפירה - אתגר קרת Default Annotations;/NotDescriptive;;"#FF272D";CATMA_98CE9EA5-BEF4-4998-99D3-7ADAECD3A1F2;;;
"tag=""%""@2022-01-30T14:22:28.583";D_693A33E5-0655-4D13-8077-CCFA3FE64433;צפירה - אתגר קרת;5425;"אחרי שכל התלמידים דיקלמו את הקטעים הרגילים עלה על הבמה איש
אחד די מבוגר עם סוודר בורדו וסיפר על אושוויץ.";" הוא היה אבא של
מישהו***אחרי שכל התלמידים דיקלמו את הקטעים הרגילים עלה על הבמה איש
אחד די מבוגר עם סוודר בורדו וסיפר על אושוויץ.***הבמה והטקס
התחיל .
9
";1064;1169;C_E3332BBA-732C-428D-99F0-E3A0302D0305;צפירה - אתגר קרת Default Annotations;/NotDescriptive;;"#FF272D";CATMA_D93D7D5A-1926-43B0-B106-5CCFF1C7F6C6;;;
"tag=""%""@2022-01-30T14:22:28.583";D_693A33E5-0655-4D13-8077-CCFA3FE64433;צפירה - אתגר קרת;5425;"""למה
הלשנת עלינו, יא זבל?"" דחף אותי גלעד בכוח, עפתי על שרון והוא דחף
אותי ממנו.";" ""אני אגיד לך למה***""למה
הלשנת עלינו, יא זבל?"" דחף אותי גלעד בכוח, עפתי על שרון והוא דחף
אותי ממנו.***טיפוס של מלשין"". ";3805;3886;C_E3332BBA-732C-428D-99F0-E3A0302D0305;צפירה - אתגר קרת Default Annotations;/NotDescriptive;;"#FF272D";CATMA_B97CDB69-3EF9-4F66-8561-DAF0437BC92D;;;
"tag=""%""@2022-01-30T14:22:28.583";D_693A33E5-0655-4D13-8077-CCFA3FE64433;צפירה - אתגר קרת;5425;לא עשו להם כלום, רק הזהירו אותם;". את האופניים הם לא***לא עשו להם כלום, רק הזהירו אותם***וביקש משרון וגלעד לצאת .
";2753;2784;C_E3332BBA-732C-428D-99F0-E3A0302D0305;צפירה - אתגר קרת Default Annotations;/NotDescriptive;;"#FF272D";CATMA_A7FA66D5-3B3C-4BD1-88BD-06AD43B7C0FD;;;
"tag=""%""@2022-01-30T14:22:28.583";D_693A33E5-0655-4D13-8077-CCFA3FE64433;צפירה - אתגר קרת;5425;"הוא היה אבא של
מישהו מהתלמידים";". הוא לא דיבר הרבה***הוא היה אבא של
מישהו מהתלמידים***בורדו וסיפר על אושוויץ. ";1170;1201;C_E3332BBA-732C-428D-99F0-E3A0302D0305;צפירה - אתגר קרת Default Annotations;/NotDescriptive;;"#FF272D";CATMA_E9E22D1D-42B4-438B-B291-BB11C00A74BE;;;
"tag=""%""@2022-01-30T14:22:28.583";D_693A33E5-0655-4D13-8077-CCFA3FE64433;צפירה - אתגר קרת;5425;"נראה פתאום כמו
ילד קטן שמנסה לחקות איזה פוזה שראה פעם בסרט פעולה";" .הלכתי
לפירצה בגדר ויצאתי***נראה פתאום כמו
ילד קטן שמנסה לחקות איזה פוזה שראה פעם בסרט פעולה***הרצחני שלו והיד המאוגרפת, ";5120;5185;C_E3332BBA-732C-428D-99F0-E3A0302D0305;צפירה - אתגר קרת Default Annotations;/Descriptive;;"#38FF6C";CATMA_EA8601FC-142C-41D9-8F9D-78464C7EE1B2;;;
"tag=""%""@2022-01-30T14:22:28.583";D_693A33E5-0655-4D13-8077-CCFA3FE64433;צפירה - אתגר קרת;5425;"""אני אגיד לך למה הוא הלשין"". אמר שרון, ""בגלל שאלי שלנו
קנאי מלוכלך.";" הוא מסתכל עלי ורואה שאני***""אני אגיד לך למה הוא הלשין"". אמר שרון, ""בגלל שאלי שלנו
קנאי מלוכלך.***והוא דחף
אותי ממנו. ";3887;3955;C_E3332BBA-732C-428D-99F0-E3A0302D0305;צפירה - אתגר קרת Default Annotations;/NotDescriptive;;"#FF272D";CATMA_F89D0F61-90F6-4B9A-B46F-2BC79F2A0F21;;;
"tag=""%""@2022-01-30T14:22:28.583";D_693A33E5-0655-4D13-8077-CCFA3FE64433;צפירה - אתגר קרת;5425;"את האופניים הם לא יכלו להחזיר,
כי סתם זרקו אותם באיזה מקום, אבל אבא של שרון בא במיוחד לבית-
ספר והביא לשולם
אופני ספורט חדשות";". שולם בהתחלה לא רצה***את האופניים הם לא יכלו להחזיר,
כי סתם זרקו אותם באיזה מקום, אבל אבא של שרון בא במיוחד לבית-
ספר והביא לשולם
אופני ספורט חדשות***, רק הזהירו אותם. ";2786;2914;C_E3332BBA-732C-428D-99F0-E3A0302D0305;צפירה - אתגר קרת Default Annotations;/NotDescriptive;;"#FF272D";CATMA_3643EF61-8795-40D3-9F7A-D4D61A23E0EF;;;
"tag=""%""@2022-01-30T14:22:28.583";D_693A33E5-0655-4D13-8077-CCFA3FE64433;צפירה - אתגר קרת;5425;"הוא לא דיבר הרבה, רבע שעה בערך. אחר-כך חזרנו
לכיתות";" .כשיצאנו החוצה ראיתי את***הוא לא דיבר הרבה, רבע שעה בערך. אחר-כך חזרנו
לכיתות***אבא של
מישהו מהתלמידים. ";1203;1255;C_E3332BBA-732C-428D-99F0-E3A0302D0305;צפירה - אתגר קרת Default Annotations;/NotDescriptive;;"#FF272D";CATMA_37656EC3-35B3-46D2-BEF1-CC5A853C8731;;;
"tag=""%""@2022-01-30T14:22:28.583";D_693A33E5-0655-4D13-8077-CCFA3FE64433;צפירה - אתגר קרת;5425;"אני
המשכתי ללכת הביתה, עובר ברחוב בין האנשים הקפואים כמו בובות
שעווה, הצפירה עוטפת אותי במגן בלתי-נראה";".
12***אני
המשכתי ללכת הביתה, עובר ברחוב בין האנשים הקפואים כמו בובות
שעווה, הצפירה עוטפת אותי במגן בלתי-נראה***לא זז אפילו מילימטר. ";5315;5419;C_E3332BBA-732C-428D-99F0-E3A0302D0305;צפירה - אתגר קרת Default Annotations;/Descriptive;;"#38FF6C";CATMA_7CF4B188-462F-4D8E-A7BB-FFEF563D358D;;;
"tag=""%""@2022-01-30T14:22:28.583";D_693A33E5-0655-4D13-8077-CCFA3FE64433;צפירה - אתגר קרת;5425;" הוא מסתכל עלי ורואה שאני תלמיד יותר טוב ממנו
וספורטאי יותר טוב ממנו, ושיש לי חברה שהיא הבחורה הכי יפה בבית-
ספר, בזמן שהוא עוד מסכן ובתול, וזה אוכל אותו מבפנים"". שרון הוריד
את ז'קט העור שלו והושיט אותו לגלעד, ""אז הנה, אלי, הצלחת";", 
11
דפקת אותי,*** הוא מסתכל עלי ורואה שאני תלמיד יותר טוב ממנו
וספורטאי יותר טוב ממנו, ושיש לי חברה שהיא הבחורה הכי יפה בבית-
ספר, בזמן שהוא עוד מסכן ובתול, וזה אוכל אותו מבפנים"". שרון הוריד
את ז'קט העור שלו והושיט אותו לגלעד, ""אז הנה, אלי, הצלחת***שאלי שלנו
קנאי מלוכלך.";3955;4187;C_E3332BBA-732C-428D-99F0-E3A0302D0305;צפירה - אתגר קרת Default Annotations;/NotDescriptive;;"#FF272D";CATMA_1A83EB9E-58CA-4F0D-8277-E6F7626CEFB5;;;
"tag=""%""@2022-01-30T14:22:28.583";D_693A33E5-0655-4D13-8077-CCFA3FE64433;צפירה - אתגר קרת;5425;"שולם בהתחלה לא רצה לקחת אותם. ""הכי בריא
ללכת ברגל"", אמר לאבא של שרו";"ן. אבל אבא של***שולם בהתחלה לא רצה לקחת אותם. ""הכי בריא
ללכת ברגל"", אמר לאבא של שרו***לשולם
אופני ספורט חדשות. ";2916;2984;C_E3332BBA-732C-428D-99F0-E3A0302D0305;צפירה - אתגר קרת Default Annotations;/NotDescriptive;;"#FF272D";CATMA_C68C153C-E21C-40F3-85C9-A9FC3FFB1438;;;
"tag=""%""@2022-01-30T14:22:28.583";D_693A33E5-0655-4D13-8077-CCFA3FE64433;צפירה - אתגר קרת;5425;"כשיצאנו החוצה ראיתי את שולם השרת שלנו יושב על המדרגות
של חדר האחות ובוכה";". ""הי ,שולם***כשיצאנו החוצה ראיתי את שולם השרת שלנו יושב על המדרגות
של חדר האחות ובוכה***. אחר-כך חזרנו
לכיתות .";1257;1330;C_E3332BBA-732C-428D-99F0-E3A0302D0305;צפירה - אתגר קרת Default Annotations;/NotDescriptive;;"#FF272D";CATMA_4D6C279F-08D2-4F66-87F8-757A31CE0866;;;
"tag=""%""@2022-01-30T14:22:28.583";D_693A33E5-0655-4D13-8077-CCFA3FE64433;צפירה - אתגר קרת;5425;"יון התיישבה
לידי, היה קצת צפוף על הספסלים";". שמתי את המרפק על***יון התיישבה
לידי, היה קצת צפוף על הספסלים***לנו שני מקומות. ס";239;281;C_E3332BBA-732C-428D-99F0-E3A0302D0305;צפירה - אתגר קרת Default Annotations;/MightDescriptive;;"#FFA87D";CATMA_6E26D252-14DA-4B02-A899-B56A37664362;;;
"tag=""%""@2022-01-30T14:22:28.583";D_693A33E5-0655-4D13-8077-CCFA3FE64433;צפירה - אתגר קרת;5425;"מר ופתח את רצועת שעון הצלילה שלו ושם אותו ""אבא שלי
חושב שאני גנב, כמעט פתחו לי תיק במשטרה";" .תלמיד מצטיין אני כבר***מר ופתח את רצועת שעון הצלילה שלו ושם אותו ""אבא שלי
חושב שאני גנב, כמעט פתחו לי תיק במשטרה***דפקת אותי,"" א";4208;4298;C_E3332BBA-732C-428D-99F0-E3A0302D0305;צפירה - אתגר קרת Default Annotations;/NotDescriptive;;"#FF272D";CATMA_04F3AA5E-2823-4163-B02F-5202FF994CB1;;;
"tag=""%""@2022-01-30T14:22:28.583";D_693A33E5-0655-4D13-8077-CCFA3FE64433;צפירה - אתגר קרת;5425;"בל אבא של שרון התעקש ושולם
בסוף לקח אותם";". זה היה מצחיק לראות***בל אבא של שרון התעקש ושולם
בסוף לקח אותם***לאבא של שרון. א";2988;3029;C_E3332BBA-732C-428D-99F0-E3A0302D0305;צפירה - אתגר קרת Default Annotations;/NotDescriptive;;"#FF272D";CATMA_4E4BB475-4070-4347-804D-F544A5A1101D;;;
"tag=""%""@2022-01-30T14:22:28.583";D_693A33E5-0655-4D13-8077-CCFA3FE64433;צפירה - אתגר קרת;5425;"הי ,שולם, מה קרה?"" שאלתי. ""האיש הזה
באולם,"" אמר שולם, ""אני מכיר אותו, גם אני הייתי בזונדרן קומנדו.""";"
""אתה היית בקומנדו?***הי ,שולם, מה קרה?"" שאלתי. ""האיש הזה
באולם,"" אמר שולם, ""אני מכיר אותו, גם אני הייתי בזונדרן קומנדו.""***חדר האחות ובוכה. """;1333;1433;C_E3332BBA-732C-428D-99F0-E3A0302D0305;צפירה - אתגר קרת Default Annotations;/NotDescriptive;;"#FF272D";CATMA_AD5DD74A-6C8F-4139-9FA3-8509BE7E213C;;;
"tag=""%""@2022-01-30T14:22:28.583";D_693A33E5-0655-4D13-8077-CCFA3FE64433;צפירה - אתגר קרת;5425;"שמתי את המרפק על הרגל שלי וגב
ידי נגעה בג'ינס שלה";". הג'ינס היה דק ונעים***שמתי את המרפק על הרגל שלי וגב
ידי נגעה בג'ינס שלה***קצת צפוף על הספסלים. ";283;333;C_E3332BBA-732C-428D-99F0-E3A0302D0305;צפירה - אתגר קרת Default Annotations;/NotDescriptive;;"#FF272D";CATMA_EC258CB7-75A8-4B6A-8F4D-531432A049F4;;;
"tag=""%""@2022-01-30T14:22:28.583";D_693A33E5-0655-4D13-8077-CCFA3FE64433;צפירה - אתגר קרת;5425;"תלמיד מצטיין אני כבר
לא אקבל";". עכשיו אתה מרוצה?***תלמיד מצטיין אני כבר
לא אקבל***פתחו לי תיק במשטרה .";4300;4329;C_E3332BBA-732C-428D-99F0-E3A0302D0305;צפירה - אתגר קרת Default Annotations;/NotDescriptive;;"#FF272D";CATMA_62792B2A-9C0B-4FBA-8511-A50D1C75CDE4;;;
"tag=""%""@2022-01-30T14:22:28.583";D_693A33E5-0655-4D13-8077-CCFA3FE64433;צפירה - אתגר קרת;5425;"זה היה מצחיק לראות את שולם נוסע על אופני ספורט,
ואני ידעתי שהמנהל צדק ובאמת עשיתי את הדבר הנכון";". אף-אחד לא
חשד שסיפרתי***זה היה מצחיק לראות את שולם נוסע על אופני ספורט,
ואני ידעתי שהמנהל צדק ובאמת עשיתי את הדבר הנכון***ושולם
בסוף לקח אותם. ";3031;3127;C_E3332BBA-732C-428D-99F0-E3A0302D0305;צפירה - אתגר קרת Default Annotations;/NotDescriptive;;"#FF272D";CATMA_F2C37AE5-AF27-4A1E-B3C4-6B326F6185B6;;;
"tag=""%""@2022-01-30T14:22:28.583";D_693A33E5-0655-4D13-8077-CCFA3FE64433;צפירה - אתגר קרת;5425;"""אתה היית בקומנדו? מתי?"" שאלתי, לא יכולתי לדמיין את שולם הרזה
והקטן שלנו בשום יחידת קומנדו, אבל מי יודע, אולי";". שולם ניגב את
העיניים***""אתה היית בקומנדו? מתי?"" שאלתי, לא יכולתי לדמיין את שולם הרזה
והקטן שלנו בשום יחידת קומנדו, אבל מי יודע, אולי***הייתי בזונדרן קומנדו.""
";1435;1545;C_E3332BBA-732C-428D-99F0-E3A0302D0305;צפירה - אתגר קרת Default Annotations;/NotDescriptive;;"#FF272D";CATMA_85DA848D-2E86-4E11-B8F3-3E5AD5AC078E;;;
"tag=""%""@2022-01-30T14:22:28.583";D_693A33E5-0655-4D13-8077-CCFA3FE64433;צפירה - אתגר קרת;5425;"עכשיו אתה מרוצה?"" רציתי להגיד לו שזה לא בגלל זה ,שזה
בגלל שולם, שגם הוא היה ביחידת קומנדו, שהוא בכה כמו ילד ביום
השואה";". במקום זה אמרתי,***עכשיו אתה מרוצה?"" רציתי להגיד לו שזה לא בגלל זה ,שזה
בגלל שולם, שגם הוא היה ביחידת קומנדו, שהוא בכה כמו ילד ביום
השואה***אני כבר
לא אקבל. ";4331;4451;C_E3332BBA-732C-428D-99F0-E3A0302D0305;צפירה - אתגר קרת Default Annotations;/NotDescriptive;;"#FF272D";CATMA_7E489A16-C02E-4B60-A961-F4795F883563;;;
"tag=""%""@2022-01-30T14:22:28.583";D_693A33E5-0655-4D13-8077-CCFA3FE64433;צפירה - אתגר קרת;5425;"ף-אחד לא
חשד שסיפרתי, ככה לפחות חשבתי אז. היומיים הבאים עברו כרגיל, אבל
ביום שני שבאתי לבית-ספר חיכתה לי סיון בחצר";". ""תשמע, אלי***ף-אחד לא
חשד שסיפרתי, ככה לפחות חשבתי אז. היומיים הבאים עברו כרגיל, אבל
ביום שני שבאתי לבית-ספר חיכתה לי סיון בחצר***את הדבר הנכון. א";3130;3246;C_E3332BBA-732C-428D-99F0-E3A0302D0305;צפירה - אתגר קרת Default Annotations;/NotDescriptive;;"#FF272D";CATMA_D83FFE4A-E924-42DB-905E-213FCBF5D050;;;
"tag=""%""@2022-01-30T14:22:28.583";D_693A33E5-0655-4D13-8077-CCFA3FE64433;צפירה - אתגר קרת;5425;"שולם ניגב את
העיניים שלו בכפות ידיו ונעמד, ""לא חשוב,"" אמר לי שולם, ""לך, לך
לכיתה. זה באמת לא חשוב "".";"
אחרי הצהריים ירדתי למרכז המסחרי***שולם ניגב את
העיניים שלו בכפות ידיו ונעמד, ""לא חשוב,"" אמר לי שולם, ""לך, לך
לכיתה. זה באמת לא חשוב "".***מי יודע, אולי. ";1547;1649;C_E3332BBA-732C-428D-99F0-E3A0302D0305;צפירה - אתגר קרת Default Annotations;/NotDescriptive;;"#FF272D";CATMA_E205C1FB-CBFF-44C6-9F88-500211C65287;;;
"tag=""%""@2022-01-30T14:22:28.583";D_693A33E5-0655-4D13-8077-CCFA3FE64433;צפירה - אתגר קרת;5425;"אני הסתכלתי על הבמה ונשמתי עמוק,
כף-היד שלי עדיין הזיעה.";" כמה מהטתניקים עלו על הבמה***אני הסתכלתי על הבמה ונשמתי עמוק,
כף-היד שלי עדיין הזיעה.***בנבחרת הכדורסל של התיכון. ";961;1018;C_E3332BBA-732C-428D-99F0-E3A0302D0305;צפירה - אתגר קרת Default Annotations;/MightDescriptive;;"#FFA87D";CATMA_748A004A-B3DF-462E-9840-E9A9C8B4E151;;;
"tag=""%""@2022-01-30T14:22:28.583";D_693A33E5-0655-4D13-8077-CCFA3FE64433;צפירה - אתגר קרת;5425;"מקום זה אמרתי, ""זה בכלל לא זה... לא הייתם צריכים לגנוב
לו את האופניים, לא היה בזה שום טעם. אין לכם כבוד"".";" כשדיברתי רעד
לי הקול,***מקום זה אמרתי, ""זה בכלל לא זה... לא הייתם צריכים לגנוב
לו את האופניים, לא היה בזה שום טעם. אין לכם כבוד"".***ילד ביום
השואה. ב";4454;4560;C_E3332BBA-732C-428D-99F0-E3A0302D0305;צפירה - אתגר קרת Default Annotations;/NotDescriptive;;"#FF272D";CATMA_2C7EB300-2BF0-45BA-87D0-5DF7C39B08FB;;;
"tag=""%""@2022-01-30T14:22:28.583";D_693A33E5-0655-4D13-8077-CCFA3FE64433;צפירה - אתגר קרת;5425;ביום השואה לקחו את כל הכיתות לאולם התעמלות.;" באולם סידרו מין
במה מאולתרת***ביום השואה לקחו את כל הכיתות לאולם התעמלות.***צפירה
";7;50;C_E3332BBA-732C-428D-99F0-E3A0302D0305;צפירה - אתגר קרת Default Annotations;/NotDescriptive;;"#FF272D";CATMA_185EDBEE-F8CA-4E72-9F3F-8C3BEAB6F907;;;
"tag=""%""@2022-01-30T14:22:28.583";D_693A33E5-0655-4D13-8077-CCFA3FE64433;צפירה - אתגר קרת;5425;"""תשמע, אלי "",היא
אמרה לי, ""שרון גילה שאתה זה שהלשנת על האופניים, אתה חייב
להסתלק מכאן לפני שהוא וגלעד יתפסו אותך";"."" השתדלתי להסתיר את***""תשמע, אלי "",היא
אמרה לי, ""שרון גילה שאתה זה שהלשנת על האופניים, אתה חייב
להסתלק מכאן לפני שהוא וגלעד יתפסו אותך***חיכתה לי סיון בחצר. ";3248;3362;C_E3332BBA-732C-428D-99F0-E3A0302D0305;צפירה - אתגר קרת Default Annotations;/NotDescriptive;;"#FF272D";CATMA_578D8A54-231A-4107-8B63-E33445EE56F9;;;
"tag=""%""@2022-01-30T14:22:28.583";D_693A33E5-0655-4D13-8077-CCFA3FE64433;צפירה - אתגר קרת;5425;אחרי הצהריים ירדתי למרכז המסחרי.;" בפלאפל פגשתי את אביב וצורי***אחרי הצהריים ירדתי למרכז המסחרי.***באמת לא חשוב "".
";1651;1683;C_E3332BBA-732C-428D-99F0-E3A0302D0305;צפירה - אתגר קרת Default Annotations;/NotDescriptive;;"#FF272D";CATMA_8A90A678-F946-45DB-A31F-1C5F00D2096F;;;
"tag=""%""@2022-01-30T14:22:28.583";D_693A33E5-0655-4D13-8077-CCFA3FE64433;צפירה - אתגר קרת;5425;"כשדיברתי רעד
לי הקול, ""אתה שומע, גלעד, השטינקר הבכיין הזה יסביר לנו מה זה
כבוד. כבוד זה לא להלשין על חברים, יא חרא"", אמר שרון ואיגרף את
ידו, ""אני וגלעד נלמד אותך עכשיו מה זה כבוד, בדרך הקשה"".";" רציתי 
לזוז משם, לברוח***כשדיברתי רעד
לי הקול, ""אתה שומע, גלעד, השטינקר הבכיין הזה יסביר לנו מה זה
כבוד. כבוד זה לא להלשין על חברים, יא חרא"", אמר שרון ואיגרף את
ידו, ""אני וגלעד נלמד אותך עכשיו מה זה כבוד, בדרך הקשה"".***אין לכם כבוד"". ";4561;4755;C_E3332BBA-732C-428D-99F0-E3A0302D0305;צפירה - אתגר קרת Default Annotations;/NotDescriptive;;"#FF272D";CATMA_BC5F48ED-9E88-45CF-B1E5-A161B37C19B4;;;
"tag=""%""@2022-01-30T14:22:28.583";D_693A33E5-0655-4D13-8077-CCFA3FE64433;צפירה - אתגר קרת;5425;"הג'ינס היה דק ונעים כזה, והתרגשתי כאילו נגעתי
לה ממש בגוף";". ""איפה שרון?***הג'ינס היה דק ונעים כזה, והתרגשתי כאילו נגעתי
לה ממש בגוף***ידי נגעה בג'ינס שלה. ";335;393;C_E3332BBA-732C-428D-99F0-E3A0302D0305;צפירה - אתגר קרת Default Annotations;/MightDescriptive;;"#FFA87D";CATMA_0EAEF19E-FD2F-4BC6-9DE1-34EF5C49C927;;;
"tag=""%""@2022-01-30T14:22:28.583";D_693A33E5-0655-4D13-8077-CCFA3FE64433;צפירה - אתגר קרת;5425;" השתדלתי להסתיר את
הפחד, לא רציתי שסיון תראה שאני מפחד""";" .מהר, תברח,*** השתדלתי להסתיר את
הפחד, לא רציתי שסיון תראה שאני מפחד""***וגלעד יתפסו אותך.""";3364;3420;C_E3332BBA-732C-428D-99F0-E3A0302D0305;צפירה - אתגר קרת Default Annotations;/NotDescriptive;;"#FF272D";CATMA_8FCC203B-B988-4567-881D-D0C1F434B6C7;;;
"tag=""%""@2022-01-30T14:22:28.583";D_693A33E5-0655-4D13-8077-CCFA3FE64433;צפירה - אתגר קרת;5425;בפלאפל פגשתי את אביב וצורי;".
""שמעת,""***בפלאפל פגשתי את אביב וצורי***הצהריים ירדתי למרכז המסחרי. ";1684;1710;C_E3332BBA-732C-428D-99F0-E3A0302D0305;צפירה - אתגר קרת Default Annotations;/NotDescriptive;;"#FF272D";CATMA_BA1108F0-A8A1-4CFE-959E-C414F087EF96;;;
"tag=""%""@2022-01-30T14:22:28.583";D_693A33E5-0655-4D13-8077-CCFA3FE64433;צפירה - אתגר קרת;5425;"פגשנו אותו עכשיו במגרש של בית-ספר. הוא וגלעד השתוללו
שם, בירות והכל";"."" צורי חצי גיחך***פגשנו אותו עכשיו במגרש של בית-ספר. הוא וגלעד השתוללו
שם, בירות והכל***לו
על הידיים. """;1974;2042;C_E3332BBA-732C-428D-99F0-E3A0302D0305;צפירה - אתגר קרת Default Annotations;/NotDescriptive;;"#FF272D";CATMA_9DB7D15F-739E-460F-B044-A9A191B57B1A;;;
"tag=""%""@2022-01-30T14:22:28.583";D_693A33E5-0655-4D13-8077-CCFA3FE64433;צפירה - אתגר קרת;5425;"רציתי 
לזוז משם, לברוח ,להרים את הידיים כדי להגן על הפנים אבל הפחד
שיתק אותי.";" פתאום משום מקום באה צפירה***רציתי 
לזוז משם, לברוח ,להרים את הידיים כדי להגן על הפנים אבל הפחד
שיתק אותי.***, בדרך הקשה"". ";4756;4835;C_E3332BBA-732C-428D-99F0-E3A0302D0305;צפירה - אתגר קרת Default Annotations;/NotDescriptive;;"#FF272D";CATMA_4EF155CC-0663-4F6E-81F2-87F48B76AF1D;;;
"tag=""%""@2022-01-30T14:22:28.583";D_693A33E5-0655-4D13-8077-CCFA3FE64433;צפירה - אתגר קרת;5425;"אולם סידרו מין
במה מאולתרת ומאחוריה הדביקו על הקיר בריסטולים שחורים עם
שמות של מחנות ריכוז וציורים של גדרות תיל.";" כשנכנסנו לאולם, סיון
ביקשה***אולם סידרו מין
במה מאולתרת ומאחוריה הדביקו על הקיר בריסטולים שחורים עם
שמות של מחנות ריכוז וציורים של גדרות תיל.***הכיתות לאולם התעמלות. ב";52;166;C_E3332BBA-732C-428D-99F0-E3A0302D0305;צפירה - אתגר קרת Default Annotations;/Descriptive;;"#38FF6C";CATMA_3B9916C4-87E6-4DA1-BC42-47268731A8A8;;;
"tag=""%""@2022-01-30T14:22:28.583";D_693A33E5-0655-4D13-8077-CCFA3FE64433;צפירה - אתגר קרת;5425;"מהר, תברח,"" היא אמרה.";"
ואני התחלתי ללכת. ""***מהר, תברח,"" היא אמרה.***תראה שאני מפחד"" .";3422;3444;C_E3332BBA-732C-428D-99F0-E3A0302D0305;צפירה - אתגר קרת Default Annotations;/NotDescriptive;;"#FF272D";CATMA_716D3A08-2A77-45D5-B759-CFC91A06F28A;;;
