"tag=""%""@2022-01-31T12:52:19.162";D_6270DCE2-EFCE-41AC-A34A-8A3D77C88349;חברו של האדם - דמיטרי דנילוב;13022;לחמניות חמות.;"  כמעט בו זמנית צץ לו***לחמניות חמות.***בד.  השניה מכריזה: ";3333;3346;C_DD757B9F-D110-4D6D-8D82-F70C5C6F2BE2;חברו של האדם - דמיטרי דנילוב Default Annotations;/Descriptive;;"#38FF6C";CATMA_9196A1FB-E7D7-4D50-B41A-41FE9E58C57C;;;
"tag=""%""@2022-01-31T12:52:19.162";D_6270DCE2-EFCE-41AC-A34A-8A3D77C88349;חברו של האדם - דמיטרי דנילוב;13022;דירת חדר מתקופת חרושצ'וב בבניין ישן אפור בן חמש קומות בעיר אגמים,;" מחוז מוסקבה שכתובתו סמטת השדה***דירת חדר מתקופת חרושצ'וב בבניין ישן אפור בן חמש קומות בעיר אגמים,***בלב כמה פעמים: """;9760;9825;C_DD757B9F-D110-4D6D-8D82-F70C5C6F2BE2;חברו של האדם - דמיטרי דנילוב Default Annotations;/Descriptive;;"#38FF6C";CATMA_74A30387-6448-4FFA-B216-6E41D3E01C6E;;;
"tag=""%""@2022-01-31T12:52:19.162";D_6270DCE2-EFCE-41AC-A34A-8A3D77C88349;חברו של האדם - דמיטרי דנילוב;13022;האדם מביט בחלון, וכמעט ולא רואה דבר;", מלבד היער וסממנים המעידים***האדם מביט בחלון, וכמעט ולא רואה דבר***.  הקרון גדוש באנשים.  ";6341;6376;C_DD757B9F-D110-4D6D-8D82-F70C5C6F2BE2;חברו של האדם - דמיטרי דנילוב Default Annotations;/NotDescriptive;;"#FF272D";CATMA_ABD6F80B-66C9-4E0E-854D-31F3A679F262;;;
"tag=""%""@2022-01-31T12:52:19.162";D_6270DCE2-EFCE-41AC-A34A-8A3D77C88349;חברו של האדם - דמיטרי דנילוב;13022;הקרון גדוש באנשים;".  האדם מביט בחלון,***הקרון גדוש באנשים***.  עוד נוסעים עולים.  ";6321;6338;C_DD757B9F-D110-4D6D-8D82-F70C5C6F2BE2;חברו של האדם - דמיטרי דנילוב Default Annotations;/Descriptive;;"#38FF6C";CATMA_16DC1417-70EB-4046-B4B9-D58EF41735F4;;;
"tag=""%""@2022-01-31T12:52:19.162";D_6270DCE2-EFCE-41AC-A34A-8A3D77C88349;חברו של האדם - דמיטרי דנילוב;13022;משקה כהלי חזק;", כלומר, משוחחים.***משקה כהלי חזק***חברו של האדם, שותים ";10015;10028;C_DD757B9F-D110-4D6D-8D82-F70C5C6F2BE2;חברו של האדם - דמיטרי דנילוב Default Annotations;/Descriptive;;"#38FF6C";CATMA_966BDA44-9BA2-4774-A9E3-A3C154FF2F24;;;
"tag=""%""@2022-01-31T12:52:19.162";D_6270DCE2-EFCE-41AC-A34A-8A3D77C88349;חברו של האדם - דמיטרי דנילוב;13022;הוא מתעורר לרגע קט כשהאוטובוס חולף;" על יד כנסייה גבוהה ויפה***הוא מתעורר לרגע קט כשהאוטובוס חולף***ונרדם טרם תחילת הנסיעה.  ";12000;12034;C_DD757B9F-D110-4D6D-8D82-F70C5C6F2BE2;חברו של האדם - דמיטרי דנילוב Default Annotations;/NotDescriptive;;"#FF272D";CATMA_A9D9704B-652D-4779-B334-02E8977680CC;;;
"tag=""%""@2022-01-31T12:52:19.162";D_6270DCE2-EFCE-41AC-A34A-8A3D77C88349;חברו של האדם - דמיטרי דנילוב;13022;מעט בו זמנית צץ לו בקרון סוחר זריז עם עטי כתיבה אוטומטיים, עטי כתיבה אוטומטיים, צועק הסוחר הזריז, עטי כתיבה, עטי כתיבה, נכנס ויוצא, יוצא ונכנס.;"

בכניסה לתחנת ""שִרְיוֺנִיצִי""***מעט בו זמנית צץ לו בקרון סוחר זריז עם עטי כתיבה אוטומטיים, עטי כתיבה אוטומטיים, צועק הסוחר הזריז, עטי כתיבה, עטי כתיבה, נכנס ויוצא, יוצא ונכנס.***: לחמניות חמות.  כ";3349;3492;C_DD757B9F-D110-4D6D-8D82-F70C5C6F2BE2;חברו של האדם - דמיטרי דנילוב Default Annotations;/Descriptive;;"#38FF6C";CATMA_352A81E2-0B38-4381-A3EA-64C344E1E05F;;;
"tag=""%""@2022-01-31T12:52:19.162";D_6270DCE2-EFCE-41AC-A34A-8A3D77C88349;חברו של האדם - דמיטרי דנילוב;13022;מלבד היער וסממנים המעידים על הנוכחות האנושית שלפרקים צצים בין העצים;".

תחנת ביניים ""קֵרֶחוֺבְסְקִי***מלבד היער וסממנים המעידים על הנוכחות האנושית שלפרקים צצים בין העצים***וכמעט ולא רואה דבר, ";6378;6445;C_DD757B9F-D110-4D6D-8D82-F70C5C6F2BE2;חברו של האדם - דמיטרי דנילוב Default Annotations;/Descriptive;;"#38FF6C";CATMA_9156281F-A81B-4B9E-8C68-210FF2512814;;;
"tag=""%""@2022-01-31T12:52:19.162";D_6270DCE2-EFCE-41AC-A34A-8A3D77C88349;חברו של האדם - דמיטרי דנילוב;13022;אישה מבוגרת אחת אומרת לאישה המבוגרת השניה: הנה, תראי, גנבו הכל, עד הלֶבֶנָה האחרונה, רק את המשטחים השאירו.  כן-כן, עונה האישה המבוגרת השניה לאישה המבוגרת הראשונה.;"

האדם רואה יער, האדם***אישה מבוגרת אחת אומרת לאישה המבוגרת השניה: הנה, תראי, גנבו הכל, עד הלֶבֶנָה האחרונה, רק את המשטחים השאירו.  כן-כן, עונה האישה המבוגרת השניה לאישה המבוגרת הראשונה.***ספוגי מים הנערמים מסביב.

";6770;6932;C_DD757B9F-D110-4D6D-8D82-F70C5C6F2BE2;חברו של האדם - דמיטרי דנילוב Default Annotations;/NotDescriptive;;"#FF272D";CATMA_309AF357-C3F8-416A-A6B9-0927E4CFFC2F;;;
"tag=""%""@2022-01-31T12:52:19.162";D_6270DCE2-EFCE-41AC-A34A-8A3D77C88349;חברו של האדם - דמיטרי דנילוב;13022;שוב נרדם ומתעורר סופית רק לקראת הכניסה לפיסגובו;, כשהאוטובוס פונה מנתיב סובב***שוב נרדם ומתעורר סופית רק לקראת הכניסה לפיסגובו***גבוהה ויפה של שריוניצי ו;12072;12119;C_DD757B9F-D110-4D6D-8D82-F70C5C6F2BE2;חברו של האדם - דמיטרי דנילוב Default Annotations;/NotDescriptive;;"#FF272D";CATMA_4A58CF0D-0C6F-4FB6-9539-6D20FFE42C30;;;
"tag=""%""@2022-01-31T12:52:19.162";D_6270DCE2-EFCE-41AC-A34A-8A3D77C88349;חברו של האדם - דמיטרי דנילוב;13022;"בכניסה לתחנת ""שִרְיוֺנִיצִי"" האדם רואה בניין רעוע להחריד, בנוי מלבנים אדומות.
";"
האדם רואה אסופת מוניות שירות***בכניסה לתחנת ""שִרְיוֺנִיצִי"" האדם רואה בניין רעוע להחריד, בנוי מלבנים אדומות.
***ויוצא, יוצא ונכנס.

";3496;3575;C_DD757B9F-D110-4D6D-8D82-F70C5C6F2BE2;חברו של האדם - דמיטרי דנילוב Default Annotations;/Descriptive;;"#38FF6C";CATMA_6CF56367-0387-432F-BE06-8E344C8490F0;;;
"tag=""%""@2022-01-31T12:52:19.162";D_6270DCE2-EFCE-41AC-A34A-8A3D77C88349;חברו של האדם - דמיטרי דנילוב;13022;בניין מודרני יפה ועגול הצבוע בגוון כחול-אפור.;"  תחנות כאלו נבנו במחצית הראשונה***בניין מודרני יפה ועגול הצבוע בגוון כחול-אפור.***.  בניין התחנה המרכזית הוא ";11547;11592;C_DD757B9F-D110-4D6D-8D82-F70C5C6F2BE2;חברו של האדם - דמיטרי דנילוב Default Annotations;/Descriptive;;"#38FF6C";CATMA_EF7E369B-A265-400A-9901-F241CCDC6FC3;;;
"tag=""%""@2022-01-31T12:52:19.162";D_6270DCE2-EFCE-41AC-A34A-8A3D77C88349;חברו של האדם - דמיטרי דנילוב;13022;האדם רואה יער.;"

הפקח, ברנש עליז,***האדם רואה יער.***.

האדם רואה יער, ";6951;6965;C_DD757B9F-D110-4D6D-8D82-F70C5C6F2BE2;חברו של האדם - דמיטרי דנילוב Default Annotations;/NotDescriptive;;"#FF272D";CATMA_8F139773-8095-48FA-926F-69845C91E35C;;;
"tag=""%""@2022-01-31T12:52:19.162";D_6270DCE2-EFCE-41AC-A34A-8A3D77C88349;חברו של האדם - דמיטרי דנילוב;13022;"כעשרה לקטים יורדים בה ומעמיקים לתוך היער.";"

בהמשך האדם רואה רק יער***כעשרה לקטים יורדים בה ומעמיקים לתוך היער.***ביניים ""קֵרֶחוֺבְסְקִי"", ";6480;6522;C_DD757B9F-D110-4D6D-8D82-F70C5C6F2BE2;חברו של האדם - דמיטרי דנילוב Default Annotations;/Descriptive;;"#38FF6C";CATMA_BA5B2892-93CF-4FA1-AE97-2222CBBE18AE;;;
"tag=""%""@2022-01-31T12:52:19.162";D_6270DCE2-EFCE-41AC-A34A-8A3D77C88349;חברו של האדם - דמיטרי דנילוב;13022;"יערות ותחנות ביניים זערוריות של מסילת ""אגמים – גלותין""";".

האדם תופס את מקומו***יערות ותחנות ביניים זערוריות של מסילת ""אגמים – גלותין""***הדיזל, לחלוף על יד ";11868;11922;C_DD757B9F-D110-4D6D-8D82-F70C5C6F2BE2;חברו של האדם - דמיטרי דנילוב Default Annotations;/Descriptive;;"#38FF6C";CATMA_502797D9-B9ED-4593-AA60-0F876F3FE6F7;;;
"tag=""%""@2022-01-31T12:52:19.162";D_6270DCE2-EFCE-41AC-A34A-8A3D77C88349;חברו של האדם - דמיטרי דנילוב;13022;כשהאוטובוס פונה מנתיב סובב מוסקבה לדרך ריאזאן;".

האדם יורד מן האוטובוס***כשהאוטובוס פונה מנתיב סובב מוסקבה לדרך ריאזאן***רק לקראת הכניסה לפיסגובו, ";12121;12166;C_DD757B9F-D110-4D6D-8D82-F70C5C6F2BE2;חברו של האדם - דמיטרי דנילוב Default Annotations;/Descriptive;;"#38FF6C";CATMA_20DA4CE1-3DFE-4518-BD16-6AEFD14EFFB8;;;
"tag=""%""@2022-01-31T12:52:19.162";D_6270DCE2-EFCE-41AC-A34A-8A3D77C88349;חברו של האדם - דמיטרי דנילוב;13022;"האדם רואה אסופת מוניות שירות לבנות על יד תחנת ""שריוניצי"".";"  תחנת ""שריוניצי"" ממוקמת***האדם רואה אסופת מוניות שירות לבנות על יד תחנת ""שריוניצי"".***, בנוי מלבנים אדומות.

";3577;3634;C_DD757B9F-D110-4D6D-8D82-F70C5C6F2BE2;חברו של האדם - דמיטרי דנילוב Default Annotations;/Descriptive;;"#38FF6C";CATMA_84E0E4B6-76BC-4C19-9744-FEA198CA23F7;;;
"tag=""%""@2022-01-31T12:52:19.162";D_6270DCE2-EFCE-41AC-A34A-8A3D77C88349;חברו של האדם - דמיטרי דנילוב;13022;"האדם רואה רק יער, אך כעבור זמן מה לצד תחנת ביניים ""שִמְעוֺנוֺבְסְקִי"" נראים גם כמה בתים";" .

האדם רואה מגרש ריק***האדם רואה רק יער, אך כעבור זמן מה לצד תחנת ביניים ""שִמְעוֺנוֺבְסְקִי"" נראים גם כמה בתים***ומעמיקים לתוך היער.

בהמשך ";6531;6618;C_DD757B9F-D110-4D6D-8D82-F70C5C6F2BE2;חברו של האדם - דמיטרי דנילוב Default Annotations;/Descriptive;;"#38FF6C";CATMA_B0A709DC-B570-4FBD-A4C4-93862E890E01;;;
"tag=""%""@2022-01-31T12:52:19.162";D_6270DCE2-EFCE-41AC-A34A-8A3D77C88349;חברו של האדם - דמיטרי דנילוב;13022;ברנש עליז,;" בודק כרטיסים.  פקח-ברנש תולה***ברנש עליז,***רואה יער.

הפקח, ";6975;6985;C_DD757B9F-D110-4D6D-8D82-F70C5C6F2BE2;חברו של האדם - דמיטרי דנילוב Default Annotations;/Descriptive;;"#38FF6C";CATMA_C47438C3-52FE-4B96-A192-B156052767DC;;;
"tag=""%""@2022-01-31T12:52:19.162";D_6270DCE2-EFCE-41AC-A34A-8A3D77C88349;חברו של האדם - דמיטרי דנילוב;13022;לו היה מעשן ― היה לבטח מדליק סיגריה, כפי שנהוג בקרב מעשנים כשהם שקועים בהרהורים.;" 

אך האדם אינו נמנה עם***לו היה מעשן ― היה לבטח מדליק סיגריה, כפי שנהוג בקרב מעשנים כשהם שקועים בהרהורים.***הרחוקים של העיר ליוברצי.  ";12352;12432;C_DD757B9F-D110-4D6D-8D82-F70C5C6F2BE2;חברו של האדם - דמיטרי דנילוב Default Annotations;/NotDescriptive;;"#FF272D";CATMA_4F77087C-185D-42D0-95B7-937FD125C437;;;
"tag=""%""@2022-01-31T12:52:19.162";D_6270DCE2-EFCE-41AC-A34A-8A3D77C88349;חברו של האדם - דמיטרי דנילוב;13022;"תחנת ""שריוניצי"" ממוקמת הרחק למדי מהעיר שריוניצי, כשניים-עשר קילומטרים מעברו השני של נהר מוסקבה, מוניות השירות הלבנות האלו מסיעות אנשים מהעיר שריוניצי לתחנת ""שריוניצי"" וחוזר חלילה.";"

האדם רואה בוטקה קטן ירוק***תחנת ""שריוניצי"" ממוקמת הרחק למדי מהעיר שריוניצי, כשניים-עשר קילומטרים מעברו השני של נהר מוסקבה, מוניות השירות הלבנות האלו מסיעות אנשים מהעיר שריוניצי לתחנת ""שריוניצי"" וחוזר חלילה.***תחנת ""שריוניצי"".  ";3636;3816;C_DD757B9F-D110-4D6D-8D82-F70C5C6F2BE2;חברו של האדם - דמיטרי דנילוב Default Annotations;/Descriptive;;"#38FF6C";CATMA_97368E53-2E7D-46C1-817D-A5B6BE833909;;;
"tag=""%""@2022-01-31T12:52:19.162";D_6270DCE2-EFCE-41AC-A34A-8A3D77C88349;חברו של האדם - דמיטרי דנילוב;13022;"כנסייה גבוהה ויפה של שריוניצי ";"ושוב נרדם ומתעורר סופית רק***כנסייה גבוהה ויפה של שריוניצי ***קט כשהאוטובוס חולף על יד ";12041;12071;C_DD757B9F-D110-4D6D-8D82-F70C5C6F2BE2;חברו של האדם - דמיטרי דנילוב Default Annotations;/Descriptive;;"#38FF6C";CATMA_F34B6258-F86F-456E-8D9B-C5972DF9AE78;;;
"tag=""%""@2022-01-31T12:52:19.162";D_6270DCE2-EFCE-41AC-A34A-8A3D77C88349;חברו של האדם - דמיטרי דנילוב;13022;"פקח-ברנש תולה באדם מבט שואל, האדם אומר: ""אגמים"", פקח-ברנש אומר: ארבעים ותשע וחצי, האדם מושיט לפקח-ברנש חמישים רובל, פקח-ברנש מחזיר לאדם חמישים קופייקי";" עודף ופיסת נייר עם אותיות***פקח-ברנש תולה באדם מבט שואל, האדם אומר: ""אגמים"", פקח-ברנש אומר: ארבעים ותשע וחצי, האדם מושיט לפקח-ברנש חמישים רובל, פקח-ברנש מחזיר לאדם חמישים קופייקי***עליז, בודק כרטיסים.  ";7001;7151;C_DD757B9F-D110-4D6D-8D82-F70C5C6F2BE2;חברו של האדם - דמיטרי דנילוב Default Annotations;/NotDescriptive;;"#FF272D";CATMA_7FD4F58A-C8F7-4E92-9316-B3E08AABC763;;;
"tag=""%""@2022-01-31T12:52:19.162";D_6270DCE2-EFCE-41AC-A34A-8A3D77C88349;חברו של האדם - דמיטרי דנילוב;13022;מגרש ריק גדול שבשטחו, ככל הנראה, היה פעם מפעל או מחסן;".  על הקרקע ניתן להבחין***מגרש ריק גדול שבשטחו, ככל הנראה, היה פעם מפעל או מחסן***כמה בתים .

האדם רואה ";6634;6687;C_DD757B9F-D110-4D6D-8D82-F70C5C6F2BE2;חברו של האדם - דמיטרי דנילוב Default Annotations;/Descriptive;;"#38FF6C";CATMA_656A8BA7-6E56-41CB-986D-E696F8A84CC2;;;
"tag=""%""@2022-01-31T12:52:19.162";D_6270DCE2-EFCE-41AC-A34A-8A3D77C88349;חברו של האדם - דמיטרי דנילוב;13022;מעבר תת-קרקעי מתחת לפסי הרכבת;, עולה לאוטובוס נוסף וחוזר***מעבר תת-קרקעי מתחת לפסי הרכבת***מן האוטובוס, עובר ב;12200;12229;C_DD757B9F-D110-4D6D-8D82-F70C5C6F2BE2;חברו של האדם - דמיטרי דנילוב Default Annotations;/Descriptive;;"#38FF6C";CATMA_49492A5E-47C4-45A8-84AB-7E31F0C7785A;;;
"tag=""%""@2022-01-31T12:52:19.162";D_6270DCE2-EFCE-41AC-A34A-8A3D77C88349;חברו של האדם - דמיטרי דנילוב;13022;אך האדם אינו נמנה עם המעשנים, ולכן הוא לא מעשן, אלא פשוט מביט בחלון הפתוח;".  האדם בוהה בשמיים מעל***אך האדם אינו נמנה עם המעשנים, ולכן הוא לא מעשן, אלא פשוט מביט בחלון הפתוח***מעשנים כשהם שקועים בהרהורים. 

";12437;12510;C_DD757B9F-D110-4D6D-8D82-F70C5C6F2BE2;חברו של האדם - דמיטרי דנילוב Default Annotations;/NotDescriptive;;"#FF272D";CATMA_B3EA58BD-356C-44D4-9C0A-290A0C710777;;;
"tag=""%""@2022-01-31T12:52:19.162";D_6270DCE2-EFCE-41AC-A34A-8A3D77C88349;חברו של האדם - דמיטרי דנילוב;13022;"בוטקה קטן ירוק עם שלט ""מעבר 58""";".

האדם רואה אסופת מוסכים***בוטקה קטן ירוק עם שלט ""מעבר 58""***וחוזר חלילה.

האדם רואה ";3829;3860;C_DD757B9F-D110-4D6D-8D82-F70C5C6F2BE2;חברו של האדם - דמיטרי דנילוב Default Annotations;/Descriptive;;"#38FF6C";CATMA_BE8213F3-3686-4C5F-925F-0DB234740827;;;
"tag=""%""@2022-01-31T12:52:19.162";D_6270DCE2-EFCE-41AC-A34A-8A3D77C88349;חברו של האדם - דמיטרי דנילוב;13022;"על הקרקע ניתן להבחין בשרידי מסד לֶבֶנִים ובמשטחי עץ ספוגי מים הנערמים מסביב.";"

אישה מבוגרת אחת אומרת לאישה***על הקרקע ניתן להבחין בשרידי מסד לֶבֶנִים ובמשטחי עץ ספוגי מים הנערמים מסביב.***פעם מפעל או מחסן.  ";6690;6767;C_DD757B9F-D110-4D6D-8D82-F70C5C6F2BE2;חברו של האדם - דמיטרי דנילוב Default Annotations;/Descriptive;;"#38FF6C";CATMA_25FBA93B-8662-44E4-A12C-4DF9CAB0F286;;;
"tag=""%""@2022-01-31T12:52:19.162";D_6270DCE2-EFCE-41AC-A34A-8A3D77C88349;חברו של האדם - דמיטרי דנילוב;13022;"האדם חש כמעט בטוב. ";"

האדם רואה מבנה הקשור בדרך***האדם חש כמעט בטוב. ***ללא עצירה דרך היערות.  ";7838;7857;C_DD757B9F-D110-4D6D-8D82-F70C5C6F2BE2;חברו של האדם - דמיטרי דנילוב Default Annotations;/NotDescriptive;;"#FF272D";CATMA_B26532E2-2846-4E78-95E7-1B3D812ED69F;;;
"tag=""%""@2022-01-31T12:52:19.162";D_6270DCE2-EFCE-41AC-A34A-8A3D77C88349;חברו של האדם - דמיטרי דנילוב;13022;חיוך אווילי קמעה מתפשט על פניו;.  לכאורה, אין לו***חיוך אווילי קמעה מתפשט על פניו***בוהה בשמיים מעל ליוברצי ו;12543;12573;C_DD757B9F-D110-4D6D-8D82-F70C5C6F2BE2;חברו של האדם - דמיטרי דנילוב Default Annotations;/Descriptive;;"#38FF6C";CATMA_5B3F3459-5390-43C8-98AB-F0DCB2F1521D;;;
"tag=""%""@2022-01-31T12:52:19.162";D_6270DCE2-EFCE-41AC-A34A-8A3D77C88349;חברו של האדם - דמיטרי דנילוב;13022;"אסופת מוסכים משונים על יד רציף ""אגם-לָבָנְסְקִי""";".  המוסכים הגוציים לא מתגודדים***אסופת מוסכים משונים על יד רציף ""אגם-לָבָנְסְקִי""***58"".

האדם רואה ";3875;3923;C_DD757B9F-D110-4D6D-8D82-F70C5C6F2BE2;חברו של האדם - דמיטרי דנילוב Default Annotations;/Descriptive;;"#38FF6C";CATMA_2133B4C5-0446-4ABB-8ECD-4E3AB7D23295;;;
"tag=""%""@2022-01-31T12:52:19.162";D_6270DCE2-EFCE-41AC-A34A-8A3D77C88349;חברו של האדם - דמיטרי דנילוב;13022;שמיים שחשכו כמעט לגמרי;" ובאורות הרחוקים של העיר ליוברצי***שמיים שחשכו כמעט לגמרי***על יד החלון ובוהה ב";12295;12317;C_DD757B9F-D110-4D6D-8D82-F70C5C6F2BE2;חברו של האדם - דמיטרי דנילוב Default Annotations;/Descriptive;;"#38FF6C";CATMA_7CCC6553-117D-4C30-B230-936D836A2252;;;
"tag=""%""@2022-01-31T12:52:19.162";D_6270DCE2-EFCE-41AC-A34A-8A3D77C88349;חברו של האדם - דמיטרי דנילוב;13022;ניתן היה להגיע לאגמים בדרך פשוטה בהרבה — באוטובוס מפיסגובו, אך משום מה האדם מעדיף את הדרך הזאת: תחילה לגלותין ולאחר מכן;", ברכבת הדיזל היערית האיטית***ניתן היה להגיע לאגמים בדרך פשוטה בהרבה — באוטובוס מפיסגובו, אך משום מה האדם מעדיף את הדרך הזאת: תחילה לגלותין ולאחר מכן***תוך שעה ושבע-עשרה דקות.

";8167;8286;C_DD757B9F-D110-4D6D-8D82-F70C5C6F2BE2;חברו של האדם - דמיטרי דנילוב Default Annotations;/NotDescriptive;;"#FF272D";CATMA_7DED5A96-B505-43CE-B7FE-6B7F3A79978F;;;
"tag=""%""@2022-01-31T12:52:19.162";D_6270DCE2-EFCE-41AC-A34A-8A3D77C88349;חברו של האדם - דמיטרי דנילוב;13022;פיסת נייר עם אותיות ומספרים מודפסים וכתובים בכתב יד;".

האדם רואה תחנת ביניים***פיסת נייר עם אותיות ומספרים מודפסים וכתובים בכתב יד***לאדם חמישים קופייקי עודף ו";7158;7209;C_DD757B9F-D110-4D6D-8D82-F70C5C6F2BE2;חברו של האדם - דמיטרי דנילוב Default Annotations;/Descriptive;;"#38FF6C";CATMA_B3AF2145-09FE-45EE-994D-C3DB841EE92B;;;
"tag=""%""@2022-01-31T12:52:19.162";D_6270DCE2-EFCE-41AC-A34A-8A3D77C88349;חברו של האדם - דמיטרי דנילוב;13022;אורות הרחוקים של העיר ליוברצי;.  לו היה מעשן ―***אורות הרחוקים של העיר ליוברצי***בשמיים שחשכו כמעט לגמרי וב;12320;12349;C_DD757B9F-D110-4D6D-8D82-F70C5C6F2BE2;חברו של האדם - דמיטרי דנילוב Default Annotations;/Descriptive;;"#38FF6C";CATMA_87CD7B62-3F1F-4ABA-AF1E-B56297AA0E48;;;
"tag=""%""@2022-01-31T12:52:19.162";D_6270DCE2-EFCE-41AC-A34A-8A3D77C88349;חברו של האדם - דמיטרי דנילוב;13022;לכאורה, אין לו שום סיבה לחייך: גרר את עצמו לחור נידח, בזבז המון זמן, ירד על בקבוק כמעט שלם של וודקה, וכו'.  בִמקום ש…  כאילו…;"

האדם מעלה בזכרונו את הבקתות***לכאורה, אין לו שום סיבה לחייך: גרר את עצמו לחור נידח, בזבז המון זמן, ירד על בקבוק כמעט שלם של וודקה, וכו'.  בִמקום ש…  כאילו…***קמעה מתפשט על פניו.  ";12576;12701;C_DD757B9F-D110-4D6D-8D82-F70C5C6F2BE2;חברו של האדם - דמיטרי דנילוב Default Annotations;/NotDescriptive;;"#FF272D";CATMA_6D37F63D-620F-4D7A-8666-B38DA7A44EF6;;;
"tag=""%""@2022-01-31T12:52:19.162";D_6270DCE2-EFCE-41AC-A34A-8A3D77C88349;חברו של האדם - דמיטרי דנילוב;13022;המוסכים הגוציים לא מתגודדים, בניגוד לנהוג בקרב המוסכים בשטחה של הפדרציה רוסית, אלא מתבודדים זה בקרבתו של זה.;"  אל פתח המוסכים מובילות כמה***המוסכים הגוציים לא מתגודדים, בניגוד לנהוג בקרב המוסכים בשטחה של הפדרציה רוסית, אלא מתבודדים זה בקרבתו של זה.***רציף ""אגם-לָבָנְסְקִי"".  ";3926;4034;C_DD757B9F-D110-4D6D-8D82-F70C5C6F2BE2;חברו של האדם - דמיטרי דנילוב Default Annotations;/Descriptive;;"#38FF6C";CATMA_5B2C2E41-994F-41B3-96AC-E44C3D48EC46;;;
"tag=""%""@2022-01-31T12:52:19.162";D_6270DCE2-EFCE-41AC-A34A-8A3D77C88349;חברו של האדם - דמיטרי דנילוב;13022;"תחנת ביניים ""קילומטר 18"", יער, בתים.  ושוב לקטים יורדים מן הרכבת";".

האדם רואה מסילה צרה***תחנת ביניים ""קילומטר 18"", יער, בתים.  ושוב לקטים יורדים מן הרכבת***בכתב יד.

האדם רואה ";7224;7288;C_DD757B9F-D110-4D6D-8D82-F70C5C6F2BE2;חברו של האדם - דמיטרי דנילוב Default Annotations;/Descriptive;;"#38FF6C";CATMA_D9C3B446-8169-4F89-9069-6FB9B8C5716F;;;
"tag=""%""@2022-01-31T12:52:19.162";D_6270DCE2-EFCE-41AC-A34A-8A3D77C88349;חברו של האדם - דמיטרי דנילוב;13022;האדם עובר את בניין ההנהלה המחוזית, חוצה את כיכר הסובייטים, ברחוב לנין הוא חולף על יד בתי עץ ישנים;", בניינים בני תשע קומות***האדם עובר את בניין ההנהלה המחוזית, חוצה את כיכר הסובייטים, ברחוב לנין הוא חולף על יד בתי עץ ישנים***עם שק לבן גדול.

";8462;8559;C_DD757B9F-D110-4D6D-8D82-F70C5C6F2BE2;חברו של האדם - דמיטרי דנילוב Default Annotations;/Descriptive;;"#38FF6C";CATMA_20766A85-2D17-4381-9CA8-A3AA29F8D934;;;
"tag=""%""@2022-01-31T12:52:19.162";D_6270DCE2-EFCE-41AC-A34A-8A3D77C88349;חברו של האדם - דמיטרי דנילוב;13022;עם אותו החיוך הוא סוגר את החלון, מכבה את האור במטבח, הולך לחדרו, נשכב על המיטה ושוקע, מה שנרקא, בשנת צדיקים.;"
***עם אותו החיוך הוא סוגר את החלון, מכבה את האור במטבח, הולך לחדרו, נשכב על המיטה ושוקע, מה שנרקא, בשנת צדיקים.***שוב עולה על פניו.  ";12913;13021;C_DD757B9F-D110-4D6D-8D82-F70C5C6F2BE2;חברו של האדם - דמיטרי דנילוב Default Annotations;/NotDescriptive;;"#FF272D";CATMA_4A2B6230-EE7C-4D96-98A5-B0FAE65F4AF9;;;
"tag=""%""@2022-01-31T12:52:19.162";D_6270DCE2-EFCE-41AC-A34A-8A3D77C88349;חברו של האדם - דמיטרי דנילוב;13022;"ל פתח המוסכים מובילות כמה מדרגות, מעניין מה יש בתוכם, בתוך המוסכים, ואילו אמצעי תחבורה מצריכים מדרגות בכדי להיכנס למוסך ולצאת ממנו. ";"

האדם רואה מרחבים ציוריים,***ל פתח המוסכים מובילות כמה מדרגות, מעניין מה יש בתוכם, בתוך המוסכים, ואילו אמצעי תחבורה מצריכים מדרגות בכדי להיכנס למוסך ולצאת ממנו. ***בקרבתו של זה.  א";4037;4169;C_DD757B9F-D110-4D6D-8D82-F70C5C6F2BE2;חברו של האדם - דמיטרי דנילוב Default Annotations;/Descriptive;;"#38FF6C";CATMA_6CAF7F72-2688-4CD7-9B02-AD972E114180;;;
"tag=""%""@2022-01-31T12:52:19.162";D_6270DCE2-EFCE-41AC-A34A-8A3D77C88349;חברו של האדם - דמיטרי דנילוב;13022;"בקתות של מלאכובקה, במוסכים המשונים של אגם-לבנסקי, בשדות רחבי הידיים של שוחט-סוסובו, ברכבת הדיזל דמויית ""ספסן"" בזעיר-ענפין, בתחנות הביניים הקטנות בלב היער";" וחיוך אווילי שוב עולה על***בקתות של מלאכובקה, במוסכים המשונים של אגם-לבנסקי, בשדות רחבי הידיים של שוחט-סוסובו, ברכבת הדיזל דמויית ""ספסן"" בזעיר-ענפין, בתחנות הביניים הקטנות בלב היער***האדם מעלה בזכרונו את ה";12727;12880;C_DD757B9F-D110-4D6D-8D82-F70C5C6F2BE2;חברו של האדם - דמיטרי דנילוב Default Annotations;/Descriptive;;"#38FF6C";CATMA_E7959353-CA01-486B-88CC-8EFB7F03598D;;;
"tag=""%""@2022-01-31T12:52:19.162";D_6270DCE2-EFCE-41AC-A34A-8A3D77C88349;חברו של האדם - דמיטרי דנילוב;13022;"האדם חוצה את רחוב לנין, חולף על יד מכולת ""בואו נהיה חברים"", פונה לסמטת השדה השמינית, ניגש לבית מס' 4, בניין אפור בן חמש קומות, נכנס באחת הכניסות, עולה לאחת הקומות, מצלצל בפעמון של אחת הדירות";".  חברו של האדם פותח***האדם חוצה את רחוב לנין, חולף על יד מכולת ""בואו נהיה חברים"", פונה לסמטת השדה השמינית, ניגש לבית מס' 4, בניין אפור בן חמש קומות, נכנס באחת הכניסות, עולה לאחת הקומות, מצלצל בפעמון של אחת הדירות***דלק וכנסייה בסגנון הקלאסי.

";8654;8844;C_DD757B9F-D110-4D6D-8D82-F70C5C6F2BE2;חברו של האדם - דמיטרי דנילוב Default Annotations;/Descriptive;;"#38FF6C";CATMA_21F96A31-FE36-4A83-8C53-E4CE1FA4705B;;;
"tag=""%""@2022-01-31T12:52:19.162";D_6270DCE2-EFCE-41AC-A34A-8A3D77C88349;חברו של האדם - דמיטרי דנילוב;13022;מסילה צרה היוצאת מיער עבות;".  

האדם רואה תחנת ביניים***מסילה צרה היוצאת מיער עבות***מן הרכבת.

האדם רואה ";7303;7329;C_DD757B9F-D110-4D6D-8D82-F70C5C6F2BE2;חברו של האדם - דמיטרי דנילוב Default Annotations;/Descriptive;;"#38FF6C";CATMA_8F64FD54-A87A-46B8-B208-B368F82C6809;;;
"tag=""%""@2022-01-31T12:52:19.162";D_6270DCE2-EFCE-41AC-A34A-8A3D77C88349;חברו של האדם - דמיטרי דנילוב;13022;"כשאדם הולך לעבודה כל יום ביומו לא נותר לו זמן לתסכול, לשממון ולעצב, אך לרשותו של אדם מסויים זה עומד די והותר זמן לתסכול, לשממון ולעצב; ייתכן גם וכבר פרש לגמלאות או, להיפך, טרם הגיע לגיל שבו אנשים נאלצים ללכת לעבודה יום-יום";"; או שמא יש לו***כשאדם הולך לעבודה כל יום ביומו לא נותר לו זמן לתסכול, לשממון ולעצב, אך לרשותו של אדם מסויים זה עומד די והותר זמן לתסכול, לשממון ולעצב; ייתכן גם וכבר פרש לגמלאות או, להיפך, טרם הגיע לגיל שבו אנשים נאלצים ללכת לעבודה יום-יום***ממושכים דיים לשעמום ולתזזית.  ";267;489;C_DD757B9F-D110-4D6D-8D82-F70C5C6F2BE2;חברו של האדם - דמיטרי דנילוב Default Annotations;/NotDescriptive;;"#FF272D";CATMA_E9CE5621-8198-4F0F-8153-F91E533E9ABA;;;
"tag=""%""@2022-01-31T12:52:19.162";D_6270DCE2-EFCE-41AC-A34A-8A3D77C88349;חברו של האדם - דמיטרי דנילוב;13022;"מרחבים ציוריים, הנפרשים מימינה של מסילת הרכבת על יד תחנת ""שוֺחֵט-סוּסוֺבוּ"".";"

בעוברו את רציף ""קילומטר***מרחבים ציוריים, הנפרשים מימינה של מסילת הרכבת על יד תחנת ""שוֺחֵט-סוּסוֺבוּ"".***ולצאת ממנו. 

האדם רואה ";4183;4259;C_DD757B9F-D110-4D6D-8D82-F70C5C6F2BE2;חברו של האדם - דמיטרי דנילוב Default Annotations;/Descriptive;;"#38FF6C";CATMA_8AEC192A-2F4A-433E-A58B-ECCDD88BA9B9;;;
"tag=""%""@2022-01-31T12:52:19.162";D_6270DCE2-EFCE-41AC-A34A-8A3D77C88349;חברו של האדם - דמיטרי דנילוב;13022;לקטי פטריות מרחיקים אל תוך היער, ותושבים ומבקרים משתרכים יחדיו לכיוון הכפר מתולתלובו.;" 

האדם שם לב שבסביבה של***לקטי פטריות מרחיקים אל תוך היער, ותושבים ומבקרים משתרכים יחדיו לכיוון הכפר מתולתלובו.***רבים יורדים מרכבת הדיזל.  ";7475;7560;C_DD757B9F-D110-4D6D-8D82-F70C5C6F2BE2;חברו של האדם - דמיטרי דנילוב Default Annotations;/Descriptive;;"#38FF6C";CATMA_BFA7750F-7D0D-4497-A61A-847B8F378199;;;
"tag=""%""@2022-01-31T12:52:19.162";D_6270DCE2-EFCE-41AC-A34A-8A3D77C88349;חברו של האדם - דמיטרי דנילוב;13022;חברו של האדם פותח לו את הדלת.;"

אפשר היה לתאר את חברו***חברו של האדם פותח לו את הדלת.***בפעמון של אחת הדירות.  ";8847;8876;C_DD757B9F-D110-4D6D-8D82-F70C5C6F2BE2;חברו של האדם - דמיטרי דנילוב Default Annotations;/NotDescriptive;;"#FF272D";CATMA_8BA61186-9619-4769-B161-59527D93A0FB;;;
"tag=""%""@2022-01-31T12:52:19.162";D_6270DCE2-EFCE-41AC-A34A-8A3D77C88349;חברו של האדם - דמיטרי דנילוב;13022;כיפה שטוחה של הר מרוחק.;"  ההר אדמדם למחצה ושלגי למחצה***כיפה שטוחה של הר מרוחק.***קילומטר 88"" האדם רואה ";4301;4324;C_DD757B9F-D110-4D6D-8D82-F70C5C6F2BE2;חברו של האדם - דמיטרי דנילוב Default Annotations;/Descriptive;;"#38FF6C";CATMA_5A17E66F-5547-469C-A060-9EBE1ED4DE4C;;;
"tag=""%""@2022-01-31T12:52:19.162";D_6270DCE2-EFCE-41AC-A34A-8A3D77C88349;חברו של האדם - דמיטרי דנילוב;13022;או שמא יש לו מגבלות פיזיות כלשהן;"; ייתכן גם ונמצא ברשותו***או שמא יש לו מגבלות פיזיות כלשהן***נאלצים ללכת לעבודה יום-יום; ";491;523;C_DD757B9F-D110-4D6D-8D82-F70C5C6F2BE2;חברו של האדם - דמיטרי דנילוב Default Annotations;/NotDescriptive;;"#FF272D";CATMA_685B25DA-E05E-47BB-848E-BCDAF8E2763D;;;
"tag=""%""@2022-01-31T12:52:19.162";D_6270DCE2-EFCE-41AC-A34A-8A3D77C88349;חברו של האדם - דמיטרי דנילוב;13022;רק בתחתונים ובגופיה;", או במקטורן — אין***רק בתחתונים ובגופיה***הוא לבוש במכנסי טרנינג או ";9246;9265;C_DD757B9F-D110-4D6D-8D82-F70C5C6F2BE2;חברו של האדם - דמיטרי דנילוב Default Annotations;/Descriptive;;"#38FF6C";CATMA_3C794127-C356-48C6-B85F-40D434141497;;;
"tag=""%""@2022-01-31T12:52:19.162";D_6270DCE2-EFCE-41AC-A34A-8A3D77C88349;חברו של האדם - דמיטרי דנילוב;13022;נוסעים רבים יורדים מרכבת הדיזל.;"  לקטי פטריות מרחיקים אל תוך***נוסעים רבים יורדים מרכבת הדיזל.***, יער, בתים.  ";7442;7473;C_DD757B9F-D110-4D6D-8D82-F70C5C6F2BE2;חברו של האדם - דמיטרי דנילוב Default Annotations;/Descriptive;;"#38FF6C";CATMA_76935866-31C6-4EED-A6DB-2C824E49FDDA;;;
"tag=""%""@2022-01-31T12:52:19.162";D_6270DCE2-EFCE-41AC-A34A-8A3D77C88349;חברו של האדם - דמיטרי דנילוב;13022;ייתכן גם ונמצא ברשותו מקור פרנסה קבוע;"; או, לחילופין,***ייתכן גם ונמצא ברשותו מקור פרנסה קבוע***לו מגבלות פיזיות כלשהן; ";525;562;C_DD757B9F-D110-4D6D-8D82-F70C5C6F2BE2;חברו של האדם - דמיטרי דנילוב Default Annotations;/NotDescriptive;;"#FF272D";CATMA_6BD2703B-99D0-4B0B-A0DE-B48F478879AC;;;
"tag=""%""@2022-01-31T12:52:19.162";D_6270DCE2-EFCE-41AC-A34A-8A3D77C88349;חברו של האדם - דמיטרי דנילוב;13022;ההר אדמדם למחצה ושלגי למחצה.;"

באזור תחנת ""תחייתבסק""***ההר אדמדם למחצה ושלגי למחצה.***שטוחה של הר מרוחק.  ";4326;4354;C_DD757B9F-D110-4D6D-8D82-F70C5C6F2BE2;חברו של האדם - דמיטרי דנילוב Default Annotations;/Descriptive;;"#38FF6C";CATMA_5BCC431C-950F-4597-93A7-3FB51A06C7EB;;;
"tag=""%""@2022-01-31T12:52:19.162";D_6270DCE2-EFCE-41AC-A34A-8A3D77C88349;חברו של האדם - דמיטרי דנילוב;13022;"בסביבה של תחנת הביניים ""דניאלובסקאיה"" לא נראה דבר מלבד היער.";"

האדם רואה מחלף ""קילומטר***בסביבה של תחנת הביניים ""דניאלובסקאיה"" לא נראה דבר מלבד היער.***. 

האדם שם לב ש";7577;7637;C_DD757B9F-D110-4D6D-8D82-F70C5C6F2BE2;חברו של האדם - דמיטרי דנילוב Default Annotations;/Descriptive;;"#38FF6C";CATMA_A084F699-3DDA-40AF-B3CA-41416C81821F;;;
"tag=""%""@2022-01-31T12:52:19.162";D_6270DCE2-EFCE-41AC-A34A-8A3D77C88349;חברו של האדם - דמיטרי דנילוב;13022;"כמו שאומרים, ללא סימני היכר מיוחדים, ואין טעם להרחיב עליו את הדיבור.";"

כמו כן, ניתן היה***כמו שאומרים, ללא סימני היכר מיוחדים, ואין טעם להרחיב עליו את הדיבור.***בעל חזות שגרתית לחלוטין, ";9341;9410;C_DD757B9F-D110-4D6D-8D82-F70C5C6F2BE2;חברו של האדם - דמיטרי דנילוב Default Annotations;/NotDescriptive;;"#FF272D";CATMA_C0A8A0F7-58A0-4052-B5DA-2D132B48A9BA;;;
"tag=""%""@2022-01-31T12:52:19.162";D_6270DCE2-EFCE-41AC-A34A-8A3D77C88349;חברו של האדם - דמיטרי דנילוב;13022;ארובות מרובות הפולטות עשן תעשייתי;".  סביר להניח, כי***ארובות מרובות הפולטות עשן תעשייתי***""תחייתבסק"" האדם רואה ";4390;4423;C_DD757B9F-D110-4D6D-8D82-F70C5C6F2BE2;חברו של האדם - דמיטרי דנילוב Default Annotations;/Descriptive;;"#38FF6C";CATMA_46BC1A1F-259A-447F-A033-2DABEBA49775;;;
"tag=""%""@2022-01-31T12:52:19.162";D_6270DCE2-EFCE-41AC-A34A-8A3D77C88349;חברו של האדם - דמיטרי דנילוב;13022;ו, לחילופין, הוא משכיר דירה או מתקיים מריבית של השקעה בנקאית דשנה או שקרובי משפחה עשירים תומכים בו, מי יודע?;"

בקיצור, עצוב לו,***ו, לחילופין, הוא משכיר דירה או מתקיים מריבית של השקעה בנקאית דשנה או שקרובי משפחה עשירים תומכים בו, מי יודע?***מקור פרנסה קבוע; א";565;673;C_DD757B9F-D110-4D6D-8D82-F70C5C6F2BE2;חברו של האדם - דמיטרי דנילוב Default Annotations;/NotDescriptive;;"#FF272D";CATMA_2ABC3F4A-A833-4AB8-B5C0-1E71FDD17DC8;;;
"tag=""%""@2022-01-31T12:52:19.162";D_6270DCE2-EFCE-41AC-A34A-8A3D77C88349;חברו של האדם - דמיטרי דנילוב;13022;אפשר פשוט להתיישב בנחת, להרפות, לעצום עיניים, לנשום עמוק ולומר בלב כמה פעמים;": ""דירת חדר מתקופת***אפשר פשוט להתיישב בנחת, להרפות, לעצום עיניים, לנשום עמוק ולומר בלב כמה פעמים***כך מסוקרנים לגבי הדירה, ";9681;9757;C_DD757B9F-D110-4D6D-8D82-F70C5C6F2BE2;חברו של האדם - דמיטרי דנילוב Default Annotations;/NotDescriptive;;"#FF272D";CATMA_78A5A4B0-95DB-47B2-9533-E915200D209F;;;
"tag=""%""@2022-01-31T12:52:19.162";D_6270DCE2-EFCE-41AC-A34A-8A3D77C88349;חברו של האדם - דמיטרי דנילוב;13022;חרבות של מבנה לבנים.;"  מסילה שזורת עשבים מובילה אל***חרבות של מבנה לבנים.***, יער, בתים, ";7681;7701;C_DD757B9F-D110-4D6D-8D82-F70C5C6F2BE2;חברו של האדם - דמיטרי דנילוב Default Annotations;/Descriptive;;"#38FF6C";CATMA_C99626CA-88C7-433E-8CE8-92A4F964AC16;;;
"tag=""%""@2022-01-31T12:52:19.162";D_6270DCE2-EFCE-41AC-A34A-8A3D77C88349;חברו של האדם - דמיטרי דנילוב;13022;בקיצור, עצוב לו, הוא משועמם ומתוסכל.;"

כשזה המצב, ניתן לעשות***בקיצור, עצוב לו, הוא משועמם ומתוסכל.***בו, מי יודע?

";677;713;C_DD757B9F-D110-4D6D-8D82-F70C5C6F2BE2;חברו של האדם - דמיטרי דנילוב Default Annotations;/NotDescriptive;;"#FF272D";CATMA_8F1D40A5-B8C6-44EC-8C89-4D9D8B0954B2;;;
"tag=""%""@2022-01-31T12:52:19.162";D_6270DCE2-EFCE-41AC-A34A-8A3D77C88349;חברו של האדם - דמיטרי דנילוב;13022;"לקו המושלג של הר ענק שטוח הכיפה באזור הרציף ""קילומטר 88"" קשור באופן כלשהו לתעשייה הכימית באזור תחנת ""תְחִיֵיתֵבְסְק""";".

האדם רואה אגם זערורי***לקו המושלג של הר ענק שטוח הכיפה באזור הרציף ""קילומטר 88"" קשור באופן כלשהו לתעשייה הכימית באזור תחנת ""תְחִיֵיתֵבְסְק""***סביר להניח, כי ח";4442;4558;C_DD757B9F-D110-4D6D-8D82-F70C5C6F2BE2;חברו של האדם - דמיטרי דנילוב Default Annotations;/Descriptive;;"#38FF6C";CATMA_DE0C110A-5C75-419E-8932-AD1AB67406EE;;;
"tag=""%""@2022-01-31T12:52:19.162";D_6270DCE2-EFCE-41AC-A34A-8A3D77C88349;חברו של האדם - דמיטרי דנילוב;13022;מסילה שזורת עשבים מובילה אל תוך יער עבות.;"  כמעט ולא נותרו נוסעים ברכבת***מסילה שזורת עשבים מובילה אל תוך יער עבות.***חרבות של מבנה לבנים.  ";7703;7744;C_DD757B9F-D110-4D6D-8D82-F70C5C6F2BE2;חברו של האדם - דמיטרי דנילוב Default Annotations;/Descriptive;;"#38FF6C";CATMA_4969F225-06A1-404D-A56B-6AE7EED0E78A;;;
"tag=""%""@2022-01-31T12:52:19.162";D_6270DCE2-EFCE-41AC-A34A-8A3D77C88349;חברו של האדם - דמיטרי דנילוב;13022;דמותה של הדירה תזרח לכם בראש באור חולני ותיחרט בזכרונכם עד סוף ימיכם;".

האדם וחברו של האדם***דמותה של הדירה תזרח לכם בראש באור חולני ותיחרט בזכרונכם עד סוף ימיכם***, והתמונה תתבהר מיד, ";9888;9956;C_DD757B9F-D110-4D6D-8D82-F70C5C6F2BE2;חברו של האדם - דמיטרי דנילוב Default Annotations;/NotDescriptive;;"#FF272D";CATMA_605C453E-FFE0-4ED1-8C11-1C8E1DD2FED6;;;
"tag=""%""@2022-01-31T12:52:19.162";D_6270DCE2-EFCE-41AC-A34A-8A3D77C88349;חברו של האדם - דמיטרי דנילוב;13022;"אגם זערורי על יד תחנת ""החולות""";". האגם מוצף כולו בטינופת***אגם זערורי על יד תחנת ""החולות""***תְחִיֵיתֵבְסְק"".

האדם רואה ";4573;4603;C_DD757B9F-D110-4D6D-8D82-F70C5C6F2BE2;חברו של האדם - דמיטרי דנילוב Default Annotations;/Descriptive;;"#38FF6C";CATMA_C6546F7E-1592-4353-BAE6-80A2CBF1010F;;;
"tag=""%""@2022-01-31T12:52:19.162";D_6270DCE2-EFCE-41AC-A34A-8A3D77C88349;חברו של האדם - דמיטרי דנילוב;13022;כשזה המצב, ניתן לעשות לא מעט דברים.;"  למשל, אפשר ללכת לסרט***כשזה המצב, ניתן לעשות לא מעט דברים.***, הוא משועמם ומתוסכל.

";717;752;C_DD757B9F-D110-4D6D-8D82-F70C5C6F2BE2;חברו של האדם - דמיטרי דנילוב Default Annotations;/NotDescriptive;;"#FF272D";CATMA_0DFBF1F2-E49A-466F-8491-DA1F213216C0;;;
"tag=""%""@2022-01-31T12:52:19.162";D_6270DCE2-EFCE-41AC-A34A-8A3D77C88349;חברו של האדם - דמיטרי דנילוב;13022;שיחתם מורכבת בעיקר משתיקות וממילים טוב יאללה;", אבל גם מילים אחרות***שיחתם מורכבת בעיקר משתיקות וממילים טוב יאללה***, כלומר, משוחחים.  ";10047;10091;C_DD757B9F-D110-4D6D-8D82-F70C5C6F2BE2;חברו של האדם - דמיטרי דנילוב Default Annotations;/NotDescriptive;;"#FF272D";CATMA_D99EE7AB-4963-434A-9742-5E61312EFEB4;;;
"tag=""%""@2022-01-31T12:52:19.162";D_6270DCE2-EFCE-41AC-A34A-8A3D77C88349;חברו של האדם - דמיטרי דנילוב;13022;"כמעט ולא נותרו נוסעים ברכבת.";"

רכבת הדיזל מאיצה ובמשך זמן***כמעט ולא נותרו נוסעים ברכבת.***אל תוך יער עבות.  ";7746;7775;C_DD757B9F-D110-4D6D-8D82-F70C5C6F2BE2;חברו של האדם - דמיטרי דנילוב Default Annotations;/Descriptive;;"#38FF6C";CATMA_65D68645-1B2A-43FB-B62A-E2552BDFB0BC;;;
"tag=""%""@2022-01-31T12:52:19.162";D_6270DCE2-EFCE-41AC-A34A-8A3D77C88349;חברו של האדם - דמיטרי דנילוב;13022;משל, אפשר ללכת לסרט או לצפות במשחק כדורגל או בכל משחק אחר, לפגוש חברים, לצאת לטיול רגלי ממושך, לקרוא ספר מרתק, לשחק במשחקי מחשב, ליטול חומרים פסיכואקטיביים, להתמסר לתחביב אווילי, כגון ניסור או צריבה בעץ, חריטה, או פשוט להעביר ערוצים בטלוויזיה — כלומר, לא חסרות אפשרויות להתמודד עם תסכול ועם שממון.;"  במקרה הנוכחי בוחר האדם באפשרות***משל, אפשר ללכת לסרט או לצפות במשחק כדורגל או בכל משחק אחר, לפגוש חברים, לצאת לטיול רגלי ממושך, לקרוא ספר מרתק, לשחק במשחקי מחשב, ליטול חומרים פסיכואקטיביים, להתמסר לתחביב אווילי, כגון ניסור או צריבה בעץ, חריטה, או פשוט להעביר ערוצים בטלוויזיה — כלומר, לא חסרות אפשרויות להתמודד עם תסכול ועם שממון.***לא מעט דברים.  ל";755;1052;C_DD757B9F-D110-4D6D-8D82-F70C5C6F2BE2;חברו של האדם - דמיטרי דנילוב Default Annotations;/NotDescriptive;;"#FF272D";CATMA_02AEAA8D-EBCF-4F4C-9F95-1A9E4365453F;;;
"tag=""%""@2022-01-31T12:52:19.162";D_6270DCE2-EFCE-41AC-A34A-8A3D77C88349;חברו של האדם - דמיטרי דנילוב;13022;"האגם מוצף כולו בטינופת מסתורית בצבע ירוק זוהר. ";"

האדם רואה כנסיית עץ קטנה***האגם מוצף כולו בטינופת מסתורית בצבע ירוק זוהר. ***תחנת ""החולות"". ";4605;4652;C_DD757B9F-D110-4D6D-8D82-F70C5C6F2BE2;חברו של האדם - דמיטרי דנילוב Default Annotations;/Descriptive;;"#38FF6C";CATMA_E04EB6B5-C793-407B-98D9-F76137FD140E;;;
"tag=""%""@2022-01-31T12:52:19.162";D_6270DCE2-EFCE-41AC-A34A-8A3D77C88349;חברו של האדם - דמיטרי דנילוב;13022;רכבת הדיזל מאיצה ובמשך זמן מה דוהרת  ללא עצירה דרך היערות;".  האדם חש כמעט בטוב***רכבת הדיזל מאיצה ובמשך זמן מה דוהרת  ללא עצירה דרך היערות***ולא נותרו נוסעים ברכבת.

";7778;7835;C_DD757B9F-D110-4D6D-8D82-F70C5C6F2BE2;חברו של האדם - דמיטרי דנילוב Default Annotations;/Descriptive;;"#38FF6C";CATMA_6C1643C9-5393-4961-B823-8B5B6FEE5D88;;;
"tag=""%""@2022-01-31T12:52:19.162";D_6270DCE2-EFCE-41AC-A34A-8A3D77C88349;חברו של האדם - דמיטרי דנילוב;13022;, אבל גם מילים אחרות נשמעות מדי פעם;.  האדם וחברו של האדם***, אבל גם מילים אחרות נשמעות מדי פעם***בעיקר משתיקות וממילים טוב יאללה;10091;10126;C_DD757B9F-D110-4D6D-8D82-F70C5C6F2BE2;חברו של האדם - דמיטרי דנילוב Default Annotations;/NotDescriptive;;"#FF272D";CATMA_290ABB36-5210-458D-86AC-2AD2787B15AB;;;
"tag=""%""@2022-01-31T12:52:19.162";D_6270DCE2-EFCE-41AC-A34A-8A3D77C88349;חברו של האדם - דמיטרי דנילוב;13022;יש ימים בהם האדם חי לו את חייו ולפתע משתלטת עליו תוגה.;"  הוא משועמם, הוא לא***יש ימים בהם האדם חי לו את חייו ולפתע משתלטת עליו תוגה.***";0;54;C_DD757B9F-D110-4D6D-8D82-F70C5C6F2BE2;חברו של האדם - דמיטרי דנילוב Default Annotations;/NotDescriptive;;"#FF272D";CATMA_020B0A7D-0843-425E-ACE2-A7AA2045DA3E;;;
"tag=""%""@2022-01-31T12:52:19.162";D_6270DCE2-EFCE-41AC-A34A-8A3D77C88349;חברו של האדם - דמיטרי דנילוב;13022;"כנסיית עץ קטנה שעל יד הרציף ""חורשת סוס""";".

במרחק מה האדם רואה***כנסיית עץ קטנה שעל יד הרציף ""חורשת סוס""***ירוק זוהר. 

האדם רואה ";4666;4705;C_DD757B9F-D110-4D6D-8D82-F70C5C6F2BE2;חברו של האדם - דמיטרי דנילוב Default Annotations;/Descriptive;;"#38FF6C";CATMA_1D0A8471-DBA8-4AA3-A96F-6467FB37CF43;;;
"tag=""%""@2022-01-31T12:52:19.162";D_6270DCE2-EFCE-41AC-A34A-8A3D77C88349;חברו של האדם - דמיטרי דנילוב;13022;"מקרה הנוכחי בוחר האדם באפשרות הרביעית מן הרשימה לעיל: ""לפגוש חברים"", או, ליתר דיוק, לא בלשון רבים אלא בשלון יחיד, דהיינו, ""לפגוש חבר"". ";" נהוג להשתמש גם בניסוח מעט***מקרה הנוכחי בוחר האדם באפשרות הרביעית מן הרשימה לעיל: ""לפגוש חברים"", או, ליתר דיוק, לא בלשון רבים אלא בשלון יחיד, דהיינו, ""לפגוש חבר"". ***תסכול ועם שממון.  ב";1055;1190;C_DD757B9F-D110-4D6D-8D82-F70C5C6F2BE2;חברו של האדם - דמיטרי דנילוב Default Annotations;/NotDescriptive;;"#FF272D";CATMA_F5DA356C-20AB-4EA1-A3F2-20E34E85F89F;;;
"tag=""%""@2022-01-31T12:52:19.162";D_6270DCE2-EFCE-41AC-A34A-8A3D77C88349;חברו של האדם - דמיטרי דנילוב;13022;האדם וחברו של האדם דנים בנסיבות החיים זה של זה.;"  אז איך אתה.  רגיל***האדם וחברו של האדם דנים בנסיבות החיים זה של זה.***אחרות נשמעות מדי פעם.  ";10129;10176;C_DD757B9F-D110-4D6D-8D82-F70C5C6F2BE2;חברו של האדם - דמיטרי דנילוב Default Annotations;/NotDescriptive;;"#FF272D";CATMA_00A8620D-C04B-43BE-AA42-A2029844EED9;;;
"tag=""%""@2022-01-31T12:52:19.162";D_6270DCE2-EFCE-41AC-A34A-8A3D77C88349;חברו של האדם - דמיטרי דנילוב;13022;הוא משועמם, הוא לא מוצא את מקומו ונמלא תזזית חסרת תועלת;".  ייתכן ואיבד את פרנסתו***הוא משועמם, הוא לא מוצא את מקומו ונמלא תזזית חסרת תועלת***ולפתע משתלטת עליו תוגה.  ";56;111;C_DD757B9F-D110-4D6D-8D82-F70C5C6F2BE2;חברו של האדם - דמיטרי דנילוב Default Annotations;/NotDescriptive;;"#FF272D";CATMA_1F0CEE45-2AD8-4EC1-80D7-347A2C75DBF6;;;
"tag=""%""@2022-01-31T12:52:19.162";D_6270DCE2-EFCE-41AC-A34A-8A3D77C88349;חברו של האדם - דמיטרי דנילוב;13022;מבנה הקשור בדרך כלשהי לתשתית חשמל;".  סוג זה של המבנה***מבנה הקשור בדרך כלשהי לתשתית חשמל***כמעט בטוב. 

האדם רואה ";7871;7904;C_DD757B9F-D110-4D6D-8D82-F70C5C6F2BE2;חברו של האדם - דמיטרי דנילוב Default Annotations;/Descriptive;;"#38FF6C";CATMA_08DEEB11-72BE-4F64-8745-18A44331EBBB;;;
"tag=""%""@2022-01-31T12:52:19.162";D_6270DCE2-EFCE-41AC-A34A-8A3D77C88349;חברו של האדם - דמיטרי דנילוב;13022;"נהוג להשתמש גם בניסוח מעט שונה: ""לבקר חבר"".";" 

אכן, לבקר חבר.***נהוג להשתמש גם בניסוח מעט שונה: ""לבקר חבר"".***""לפגוש חבר"".  ";1191;1234;C_DD757B9F-D110-4D6D-8D82-F70C5C6F2BE2;חברו של האדם - דמיטרי דנילוב Default Annotations;/NotDescriptive;;"#FF272D";CATMA_A4011A9F-6227-492D-B917-FD4F574F6E51;;;
"tag=""%""@2022-01-31T12:52:19.162";D_6270DCE2-EFCE-41AC-A34A-8A3D77C88349;חברו של האדם - דמיטרי דנילוב;13022;הכנסיות והבתים של קולומנה העתיקה;".

האדם רואה חשמלית ירוקה-בוהקת***הכנסיות והבתים של קולומנה העתיקה***במרחק מה האדם רואה את ";4732;4764;C_DD757B9F-D110-4D6D-8D82-F70C5C6F2BE2;חברו של האדם - דמיטרי דנילוב Default Annotations;/Descriptive;;"#38FF6C";CATMA_F2E4FF66-8F66-45E7-BF3E-F24D1061D307;;;
"tag=""%""@2022-01-31T12:52:19.162";D_6270DCE2-EFCE-41AC-A34A-8A3D77C88349;חברו של האדם - דמיטרי דנילוב;13022;זהו אחד מפרברי העיר אגמים.;"

לאורך המסילה פזורה אבקה לבנה***זהו אחד מפרברי העיר אגמים.***""קילומטר 38"".  ";7985;8011;C_DD757B9F-D110-4D6D-8D82-F70C5C6F2BE2;חברו של האדם - דמיטרי דנילוב Default Annotations;/Descriptive;;"#38FF6C";CATMA_87DA2286-E405-47B7-B8BF-60D2CFE39DC6;;;
"tag=""%""@2022-01-31T12:52:19.162";D_6270DCE2-EFCE-41AC-A34A-8A3D77C88349;חברו של האדם - דמיטרי דנילוב;13022;" אז איך אתה";".  רגיל.  ואיך אתה*** אז איך אתה***החיים זה של זה. ";10177;10188;C_DD757B9F-D110-4D6D-8D82-F70C5C6F2BE2;חברו של האדם - דמיטרי דנילוב Default Annotations;/NotDescriptive;;"#FF272D";CATMA_2D443382-448E-47A6-807C-FC4AD9D49B0E;;;
"tag=""%""@2022-01-31T12:52:19.162";D_6270DCE2-EFCE-41AC-A34A-8A3D77C88349;חברו של האדם - דמיטרי דנילוב;13022;ייתכן ואיבד את פרנסתו, ייתכן וכלל לא הייתה לו עבודה, וכעת אינו מצליח להעסיק את עצמו.;"  או, שמא טיב עבודתו***ייתכן ואיבד את פרנסתו, ייתכן וכלל לא הייתה לו עבודה, וכעת אינו מצליח להעסיק את עצמו.***ונמלא תזזית חסרת תועלת.  ";114;198;C_DD757B9F-D110-4D6D-8D82-F70C5C6F2BE2;חברו של האדם - דמיטרי דנילוב Default Annotations;/NotDescriptive;;"#FF272D";CATMA_72FE5515-1C8E-4627-AF3F-9ECDC6DDAC3A;;;
"tag=""%""@2022-01-31T12:52:19.162";D_6270DCE2-EFCE-41AC-A34A-8A3D77C88349;חברו של האדם - דמיטרי דנילוב;13022;"חשמלית ירוקה-בוהקת על מסילת הכיכר על יד הרציף ""קולומנה""";".

הרכבת החשמלית, עם***חשמלית ירוקה-בוהקת על מסילת הכיכר על יד הרציף ""קולומנה""***קולומנה העתיקה.

האדם רואה ";4779;4834;C_DD757B9F-D110-4D6D-8D82-F70C5C6F2BE2;חברו של האדם - דמיטרי דנילוב Default Annotations;/Descriptive;;"#38FF6C";CATMA_4CBC4540-3BF9-42BD-AEE5-B7D46CE2CA68;;;
"tag=""%""@2022-01-31T12:52:19.162";D_6270DCE2-EFCE-41AC-A34A-8A3D77C88349;חברו של האדם - דמיטרי דנילוב;13022;אכן, לבקר חבר;".  לבקר חבר.  לבקר***אכן, לבקר חבר***""לבקר חבר"". 

";1239;1252;C_DD757B9F-D110-4D6D-8D82-F70C5C6F2BE2;חברו של האדם - דמיטרי דנילוב Default Annotations;/NotDescriptive;;"#FF272D";CATMA_0A560BF9-8C1D-4C66-9B8D-A9A8C14026A8;;;
"tag=""%""@2022-01-31T12:52:19.162";D_6270DCE2-EFCE-41AC-A34A-8A3D77C88349;חברו של האדם - דמיטרי דנילוב;13022;איך בעבודה;".  רגיל סך הכל.***איך בעבודה***ואיך אתה.  רגיל.  ";10216;10226;C_DD757B9F-D110-4D6D-8D82-F70C5C6F2BE2;חברו של האדם - דמיטרי דנילוב Default Annotations;/NotDescriptive;;"#FF272D";CATMA_27F2BEC9-E145-4F2B-92A8-9BC82D1DA5F8;;;
"tag=""%""@2022-01-31T12:52:19.162";D_6270DCE2-EFCE-41AC-A34A-8A3D77C88349;חברו של האדם - דמיטרי דנילוב;13022;או, שמא טיב עבודתו מותיר לו פרקי זמן ממושכים דיים לשעמום ולתזזית.;"  כשאדם הולך לעבודה כל יום***או, שמא טיב עבודתו מותיר לו פרקי זמן ממושכים דיים לשעמום ולתזזית.***מצליח להעסיק את עצמו.  ";200;265;C_DD757B9F-D110-4D6D-8D82-F70C5C6F2BE2;חברו של האדם - דמיטרי דנילוב Default Annotations;/NotDescriptive;;"#FF272D";CATMA_101A8F58-3A3E-4CD7-B7C8-7C4628C1531E;;;
"tag=""%""@2022-01-31T12:52:19.162";D_6270DCE2-EFCE-41AC-A34A-8A3D77C88349;חברו של האדם - דמיטרי דנילוב;13022;לאורך המסילה פזורה אבקה לבנה מגעילה.;"

רכבת הדיזל עוצרת על יד***לאורך המסילה פזורה אבקה לבנה מגעילה.***אחד מפרברי העיר אגמים.

";8015;8051;C_DD757B9F-D110-4D6D-8D82-F70C5C6F2BE2;חברו של האדם - דמיטרי דנילוב Default Annotations;/Descriptive;;"#38FF6C";CATMA_C8B97A3B-DA0A-46B1-9FC8-889F236ADFEF;;;
"tag=""%""@2022-01-31T12:52:19.162";D_6270DCE2-EFCE-41AC-A34A-8A3D77C88349;חברו של האדם - דמיטרי דנילוב;13022;לבקר חבר.;"  לבקר חבר.

האדם יודע***לבקר חבר.***אכן, לבקר חבר.  ";1255;1264;C_DD757B9F-D110-4D6D-8D82-F70C5C6F2BE2;חברו של האדם - דמיטרי דנילוב Default Annotations;/NotDescriptive;;"#FF272D";CATMA_08AFD939-4BCC-4BBC-AD4D-47BC20B1ABEA;;;
"tag=""%""@2022-01-31T12:52:19.162";D_6270DCE2-EFCE-41AC-A34A-8A3D77C88349;חברו של האדם - דמיטרי דנילוב;13022;"הרכבת החשמלית, עם האדם בתוכה, מגיעה לתחנת ""גלותין"". ";"

האדם יורד מן הרכבת החשמלית***הרכבת החשמלית, עם האדם בתוכה, מגיעה לתחנת ""גלותין"". ***הרציף ""קולומנה"".

";4839;4892;C_DD757B9F-D110-4D6D-8D82-F70C5C6F2BE2;חברו של האדם - דמיטרי דנילוב Default Annotations;/Descriptive;;"#38FF6C";CATMA_63611D17-5089-4E07-AD49-7EDDC19B6BDB;;;
"tag=""%""@2022-01-31T12:52:19.162";D_6270DCE2-EFCE-41AC-A34A-8A3D77C88349;חברו של האדם - דמיטרי דנילוב;13022;רכבת הדיזל עוצרת על יד תחנת עץ ירוקה.;"

רכבת הדיזל גברה על מרחק***רכבת הדיזל עוצרת על יד תחנת עץ ירוקה.***פזורה אבקה לבנה מגעילה.

";8055;8092;C_DD757B9F-D110-4D6D-8D82-F70C5C6F2BE2;חברו של האדם - דמיטרי דנילוב Default Annotations;/Descriptive;;"#38FF6C";CATMA_503FAC12-7FC5-4CEB-9E05-33F947885A30;;;
"tag=""%""@2022-01-31T12:52:19.162";D_6270DCE2-EFCE-41AC-A34A-8A3D77C88349;חברו של האדם - דמיטרי דנילוב;13022;אדם וחברו של האדם דנים בנסיבות החיים של המכרים המשותפים.;"  מה שלום סרגיי.  כרגיל***אדם וחברו של האדם דנים בנסיבות החיים של המכרים המשותפים.***רגיל סך הכל.

ה";10246;10302;C_DD757B9F-D110-4D6D-8D82-F70C5C6F2BE2;חברו של האדם - דמיטרי דנילוב Default Annotations;/NotDescriptive;;"#FF272D";CATMA_78E0FBAB-B75D-4DAA-99F5-F8A8EBCE227A;;;
"tag=""%""@2022-01-31T12:52:19.162";D_6270DCE2-EFCE-41AC-A34A-8A3D77C88349;חברו של האדם - דמיטרי דנילוב;13022;"רציף לא הומה מדי, רכבת בינעירונית ""מוסקבה―גלותין"" מגיעה";", האדם תופס את מקומו***רציף לא הומה מדי, רכבת בינעירונית ""מוסקבה―גלותין"" מגיעה***, ממתין במשך זמן-מה ב";1886;1941;C_DD757B9F-D110-4D6D-8D82-F70C5C6F2BE2;חברו של האדם - דמיטרי דנילוב Default Annotations;/Descriptive;;"#38FF6C";CATMA_B99C374B-CF09-4AE5-AD35-735B828DC48E;;;
"tag=""%""@2022-01-31T12:52:19.162";D_6270DCE2-EFCE-41AC-A34A-8A3D77C88349;חברו של האדם - דמיטרי דנילוב;13022;רציף קצר ביותר;".  על יד רציף מס***רציף קצר ביותר***מס' 3"", ";5001;5015;C_DD757B9F-D110-4D6D-8D82-F70C5C6F2BE2;חברו של האדם - דמיטרי דנילוב Default Annotations;/Descriptive;;"#38FF6C";CATMA_2F369F23-69E6-4178-8B64-B0374A6FD233;;;
"tag=""%""@2022-01-31T12:52:19.162";D_6270DCE2-EFCE-41AC-A34A-8A3D77C88349;חברו של האדם - דמיטרי דנילוב;13022;האדם יודע מראש, כי לא יהיה זה בילוי נעים ומשמח, הפגישה עם החבר לא תבדר אותו ולא תהיה מעניינת במיוחד, סביר גם להניח כי היא לא תפיג תסכול ושממון, ההיפך, היא עלולה אף להעצים אותם, אך חייבים לפעול בכל זאת, לפחות לעשות משהו, מה שזה לא יהיה.  צריך לפגוש חבר.;"

חברו של האדם מתגורר לא***האדם יודע מראש, כי לא יהיה זה בילוי נעים ומשמח, הפגישה עם החבר לא תבדר אותו ולא תהיה מעניינת במיוחד, סביר גם להניח כי היא לא תפיג תסכול ושממון, ההיפך, היא עלולה אף להעצים אותם, אך חייבים לפעול בכל זאת, לפחות לעשות משהו, מה שזה לא יהיה.  צריך לפגוש חבר.***חבר.  לבקר חבר.

";1279;1531;C_DD757B9F-D110-4D6D-8D82-F70C5C6F2BE2;חברו של האדם - דמיטרי דנילוב Default Annotations;/NotDescriptive;;"#FF272D";CATMA_A96B299A-FF3A-4F10-8E2A-534BC9D44A91;;;
"tag=""%""@2022-01-31T12:52:19.162";D_6270DCE2-EFCE-41AC-A34A-8A3D77C88349;חברו של האדם - דמיטרי דנילוב;13022;מה שלום סרגיי.;"  כרגיל, נראה לי.***מה שלום סרגיי.***החיים של המכרים המשותפים.  ";10304;10318;C_DD757B9F-D110-4D6D-8D82-F70C5C6F2BE2;חברו של האדם - דמיטרי דנילוב Default Annotations;/NotDescriptive;;"#FF272D";CATMA_7627BD91-D27B-4090-A107-EE1EF5CDD086;;;
"tag=""%""@2022-01-31T12:52:19.162";D_6270DCE2-EFCE-41AC-A34A-8A3D77C88349;חברו של האדם - דמיטרי דנילוב;13022;הרכבת יוצאת לדרך, האדם בוהה בחלון;".

האדם בוהה בפרטי נוף***הרכבת יוצאת לדרך, האדם בוהה בחלון***את מקומו ליד החלון, ";1973;2006;C_DD757B9F-D110-4D6D-8D82-F70C5C6F2BE2;חברו של האדם - דמיטרי דנילוב Default Annotations;/Descriptive;;"#38FF6C";CATMA_8EEDE8FD-C2F9-478D-AA19-49E365BC951F;;;
"tag=""%""@2022-01-31T12:52:19.162";D_6270DCE2-EFCE-41AC-A34A-8A3D77C88349;חברו של האדם - דמיטרי דנילוב;13022;ברכבת הדיזל היערית האיטית.;"

האדם יורד מרכבת הדיזל וצועד***ברכבת הדיזל היערית האיטית.***תחילה לגלותין ולאחר מכן, ";8288;8314;C_DD757B9F-D110-4D6D-8D82-F70C5C6F2BE2;חברו של האדם - דמיטרי דנילוב Default Annotations;/Descriptive;;"#38FF6C";CATMA_779F8299-EF4E-494A-BE89-565FEA157119;;;
"tag=""%""@2022-01-31T12:52:19.162";D_6270DCE2-EFCE-41AC-A34A-8A3D77C88349;חברו של האדם - דמיטרי דנילוב;13022;ברו של האדם מתגורר לא רחוק, אבל גם לא קרוב במיוחד.;"  אין אפשרות להגיע אליו ברגל***ברו של האדם מתגורר לא רחוק, אבל גם לא קרוב במיוחד.***צריך לפגוש חבר.

ח";1536;1586;C_DD757B9F-D110-4D6D-8D82-F70C5C6F2BE2;חברו של האדם - דמיטרי דנילוב Default Annotations;/NotDescriptive;;"#FF272D";CATMA_DC37718D-F3AC-4130-BAE8-08B51392E72A;;;
"tag=""%""@2022-01-31T12:52:19.162";D_6270DCE2-EFCE-41AC-A34A-8A3D77C88349;חברו של האדם - דמיטרי דנילוב;13022;"על יד רציף מס' 3 עומדת רכבת דיזל קטנה, חדשנית ויפה המורכבת משלושה קרונות הדומה במקצת לרכבת מהירה מסוג ""סָפְסָאן"".";"  רכבת דיזל זו נוסעת מ""גלותין***על יד רציף מס' 3 עומדת רכבת דיזל קטנה, חדשנית ויפה המורכבת משלושה קרונות הדומה במקצת לרכבת מהירה מסוג ""סָפְסָאן"".***, רציף קצר ביותר.  ";5018;5131;C_DD757B9F-D110-4D6D-8D82-F70C5C6F2BE2;חברו של האדם - דמיטרי דנילוב Default Annotations;/Descriptive;;"#38FF6C";CATMA_C3A9B9D1-6C39-4A61-8C8A-80E916041745;;;
"tag=""%""@2022-01-31T12:52:19.162";D_6270DCE2-EFCE-41AC-A34A-8A3D77C88349;חברו של האדם - דמיטרי דנילוב;13022;ברחוב פְרוּנְזֶה השקט וכמעט ריק;".

איש עם פנים זבי***ברחוב פְרוּנְזֶה השקט וכמעט ריק***מרכבת הדיזל וצועד לכיוון המרכז ";8359;8390;C_DD757B9F-D110-4D6D-8D82-F70C5C6F2BE2;חברו של האדם - דמיטרי דנילוב Default Annotations;/Descriptive;;"#38FF6C";CATMA_54491C57-21B0-4DDA-A517-83C780054E4C;;;
"tag=""%""@2022-01-31T12:52:19.162";D_6270DCE2-EFCE-41AC-A34A-8A3D77C88349;חברו של האדם - דמיטרי דנילוב;13022;נראה לי.;"  מה שלום ניקולאי סְטֶפָּנוֺבִיץ'***נראה לי.***שלום סרגיי.  כרגיל, ";10327;10335;C_DD757B9F-D110-4D6D-8D82-F70C5C6F2BE2;חברו של האדם - דמיטרי דנילוב Default Annotations;/NotDescriptive;;"#FF272D";CATMA_A815E9BA-6532-42AA-9515-915FBB1E3526;;;
"tag=""%""@2022-01-31T12:52:19.162";D_6270DCE2-EFCE-41AC-A34A-8A3D77C88349;חברו של האדם - דמיטרי דנילוב;13022;"רכבת דיזל זו נוסעת מ""גלותין"" ל""אגמים"" במסילה משנית המתפצלת מתוואי המסילה הראשי לכיוון רְיאָזָאן.";"  האדם נכנס לקרון האמצעי ותופס***רכבת דיזל זו נוסעת מ""גלותין"" ל""אגמים"" במסילה משנית המתפצלת מתוואי המסילה הראשי לכיוון רְיאָזָאן.***מסוג ""סָפְסָאן"".  ";5133;5229;C_DD757B9F-D110-4D6D-8D82-F70C5C6F2BE2;חברו של האדם - דמיטרי דנילוב Default Annotations;/Descriptive;;"#38FF6C";CATMA_29E9CFDF-C144-4EB5-BFEE-00C91E2AAB9F;;;
"tag=""%""@2022-01-31T12:52:19.162";D_6270DCE2-EFCE-41AC-A34A-8A3D77C88349;חברו של האדם - דמיטרי דנילוב;13022;אין אפשרות להגיע אליו ברגל, ברכבת התחתית או בכל אמצעי אחר של תחבורה ציבורית נפוצה.;"  עם זאת, ניתן לנסוע***אין אפשרות להגיע אליו ברגל, ברכבת התחתית או בכל אמצעי אחר של תחבורה ציבורית נפוצה.***גם לא קרוב במיוחד.  ";1588;1670;C_DD757B9F-D110-4D6D-8D82-F70C5C6F2BE2;חברו של האדם - דמיטרי דנילוב Default Annotations;/NotDescriptive;;"#FF272D";CATMA_64FF664D-798E-4D16-B70B-6EE967DF5A44;;;
"tag=""%""@2022-01-31T12:52:19.162";D_6270DCE2-EFCE-41AC-A34A-8A3D77C88349;חברו של האדם - דמיטרי דנילוב;13022;מיכאליץ' מת;".  באמת, למה,***מיכאליץ' מת***מה שלום מִיכָאיְלִיץ'.  ";10438;10449;C_DD757B9F-D110-4D6D-8D82-F70C5C6F2BE2;חברו של האדם - דמיטרי דנילוב Default Annotations;/NotDescriptive;;"#FF272D";CATMA_8550243D-4587-4C68-B65E-89EAA8099F1F;;;
"tag=""%""@2022-01-31T12:52:19.162";D_6270DCE2-EFCE-41AC-A34A-8A3D77C88349;חברו של האדם - דמיטרי דנילוב;13022;"קרונות כחולים של הרכבת התחתית העומדים על המסילות הרזרביות של תחנת שירות ""פיסגובו"".";"

האדם רואה בניינים חומים גבוהים***קרונות כחולים של הרכבת התחתית העומדים על המסילות הרזרביות של תחנת שירות ""פיסגובו"".***מעט פרטים. 

האדם רואה ";2125;2207;C_DD757B9F-D110-4D6D-8D82-F70C5C6F2BE2;חברו של האדם - דמיטרי דנילוב Default Annotations;/Descriptive;;"#38FF6C";CATMA_97926583-6078-451B-BB16-D5FB64978728;;;
"tag=""%""@2022-01-31T12:52:19.162";D_6270DCE2-EFCE-41AC-A34A-8A3D77C88349;חברו של האדם - דמיטרי דנילוב;13022;האיש גורר עגלה עם שק לבן גדול.;"

האדם עובר את בניין ההנהלה***האיש גורר עגלה עם שק לבן גדול.***זבי דם צועד לקראתו.  ";8428;8458;C_DD757B9F-D110-4D6D-8D82-F70C5C6F2BE2;חברו של האדם - דמיטרי דנילוב Default Annotations;/Descriptive;;"#38FF6C";CATMA_8ED98E9B-1E04-4C54-A5E5-103F4596B013;;;
"tag=""%""@2022-01-31T12:52:19.162";D_6270DCE2-EFCE-41AC-A34A-8A3D77C88349;חברו של האדם - דמיטרי דנילוב;13022;עם זאת, ניתן לנסוע אליו בסוג נוסף של התחבורה, ציבורית אף היא, בינעירונית.;"  השקם בבוקר, יוצא האדם***עם זאת, ניתן לנסוע אליו בסוג נוסף של התחבורה, ציבורית אף היא, בינעירונית.***של תחבורה ציבורית נפוצה.  ";1672;1745;C_DD757B9F-D110-4D6D-8D82-F70C5C6F2BE2;חברו של האדם - דמיטרי דנילוב Default Annotations;/NotDescriptive;;"#FF272D";CATMA_886B14C7-60E3-4AD5-884F-B7C6E59E13C6;;;
"tag=""%""@2022-01-31T12:52:19.162";D_6270DCE2-EFCE-41AC-A34A-8A3D77C88349;חברו של האדם - דמיטרי דנילוב;13022;הקרון מצוייד במושבים נוחים, מסכי מידע דיגיטליים מנצנצים מעל הדלתות;". איזו נוחות מנחמת!***הקרון מצוייד במושבים נוחים, מסכי מידע דיגיטליים מנצנצים מעל הדלתות***מקום על יד החלון.

";5281;5347;C_DD757B9F-D110-4D6D-8D82-F70C5C6F2BE2;חברו של האדם - דמיטרי דנילוב Default Annotations;/Descriptive;;"#38FF6C";CATMA_3EDF67AA-548D-46CD-9801-A99A836BB459;;;
"tag=""%""@2022-01-31T12:52:19.162";D_6270DCE2-EFCE-41AC-A34A-8A3D77C88349;חברו של האדם - דמיטרי דנילוב;13022;בתי עץ ישנים,;" בניינים בני תשע קומות מתקופתו***בתי עץ ישנים,***לנין הוא חולף על יד ";8547;8560;C_DD757B9F-D110-4D6D-8D82-F70C5C6F2BE2;חברו של האדם - דמיטרי דנילוב Default Annotations;/Descriptive;;"#38FF6C";CATMA_24472F35-98A5-42D6-9461-DFAF32EDE00A;;;
"tag=""%""@2022-01-31T12:52:19.162";D_6270DCE2-EFCE-41AC-A34A-8A3D77C88349;חברו של האדם - דמיטרי דנילוב;13022;" באמת, למה, ממה";".  סרטן.  אה.*** באמת, למה, ממה***.  מיכאליץ' מת. ";10451;10466;C_DD757B9F-D110-4D6D-8D82-F70C5C6F2BE2;חברו של האדם - דמיטרי דנילוב Default Annotations;/NotDescriptive;;"#FF272D";CATMA_A04916D5-7AA1-4ACF-9F87-559BD9125592;;;
"tag=""%""@2022-01-31T12:52:19.162";D_6270DCE2-EFCE-41AC-A34A-8A3D77C88349;חברו של האדם - דמיטרי דנילוב;13022;"בניינים חומים גבוהים של מחוז ערמוּמִינוֺ בקרבת הרציף ""עקוּמינו""";".

האדם רואה כתובות גרפיטי***בניינים חומים גבוהים של מחוז ערמוּמִינוֺ בקרבת הרציף ""עקוּמינו""***פיסגובו"".

האדם רואה ";2221;2284;C_DD757B9F-D110-4D6D-8D82-F70C5C6F2BE2;חברו של האדם - דמיטרי דנילוב Default Annotations;/Descriptive;;"#38FF6C";CATMA_F8AE51B9-A4C6-4383-9CAA-819C5409CF71;;;
"tag=""%""@2022-01-31T12:52:19.162";D_6270DCE2-EFCE-41AC-A34A-8A3D77C88349;חברו של האדם - דמיטרי דנילוב;13022;איזו נוחות מנחמת!;"  הנוסעים המעטים הם בני גיל***איזו נוחות מנחמת!***דיגיטליים מנצנצים מעל הדלתות. ";5349;5366;C_DD757B9F-D110-4D6D-8D82-F70C5C6F2BE2;חברו של האדם - דמיטרי דנילוב Default Annotations;/Descriptive;;"#38FF6C";CATMA_590C7180-4B6D-426E-B484-ADA6180E92D1;;;
"tag=""%""@2022-01-31T12:52:19.162";D_6270DCE2-EFCE-41AC-A34A-8A3D77C88349;חברו של האדם - דמיטרי דנילוב;13022;"השקם בבוקר, יוצא האדם מביתו, נוסע לתחנת ""פִיסְגוֺבוֺ"", שם הוא רוכש כרטיס לתחנת ""גָלוֺּתִין"" תמורת מאה שבעים ומשהו רובל, ממתין במשך זמן-מה";" ברציף לא הומה מדי,***השקם בבוקר, יוצא האדם מביתו, נוסע לתחנת ""פִיסְגוֺבוֺ"", שם הוא רוכש כרטיס לתחנת ""גָלוֺּתִין"" תמורת מאה שבעים ומשהו רובל, ממתין במשך זמן-מה***אף היא, בינעירונית.  ";1747;1884;C_DD757B9F-D110-4D6D-8D82-F70C5C6F2BE2;חברו של האדם - דמיטרי דנילוב Default Annotations;/NotDescriptive;;"#FF272D";CATMA_098B10C2-C4D3-4AE5-A680-C531A9A43AF7;;;
"tag=""%""@2022-01-31T12:52:19.162";D_6270DCE2-EFCE-41AC-A34A-8A3D77C88349;חברו של האדם - דמיטרי דנילוב;13022;טוב, יאללה;".  טוב, יאללה.***טוב, יאללה***.  טוב, יאללה.

";10501;10511;C_DD757B9F-D110-4D6D-8D82-F70C5C6F2BE2;חברו של האדם - דמיטרי דנילוב Default Annotations;/NotDescriptive;;"#FF272D";CATMA_40B300F3-3E13-4B8F-8FE2-5632E9B0537B;;;
"tag=""%""@2022-01-31T12:52:19.162";D_6270DCE2-EFCE-41AC-A34A-8A3D77C88349;חברו של האדם - דמיטרי דנילוב;13022;"תובות גרפיטי ""סובלנות היא סרטן"" ו""ליוֺבֵּרְצִי היא עיר רוסית אסלית"" על קיר הבטון של אסופת מוסכים בכניסה לליוברצי.";"

האדם רואה אורנים על יד***תובות גרפיטי ""סובלנות היא סרטן"" ו""ליוֺבֵּרְצִי היא עיר רוסית אסלית"" על קיר הבטון של אסופת מוסכים בכניסה לליוברצי.***"".

האדם רואה כ";2300;2413;C_DD757B9F-D110-4D6D-8D82-F70C5C6F2BE2;חברו של האדם - דמיטרי דנילוב Default Annotations;/Descriptive;;"#38FF6C";CATMA_5F284C85-BCB5-412E-88FD-A71FD45224E9;;;
"tag=""%""@2022-01-31T12:52:19.162";D_6270DCE2-EFCE-41AC-A34A-8A3D77C88349;חברו של האדם - דמיטרי דנילוב;13022;"בניינים בני תשע קומות מתקופתו של ברז'נייב, מרכזי מכירות, תחנות דלק וכנסייה בסגנון הקלאסי.";"

האדם חוצה את רחוב לנין***בניינים בני תשע קומות מתקופתו של ברז'נייב, מרכזי מכירות, תחנות דלק וכנסייה בסגנון הקלאסי.***יד בתי עץ ישנים, ";8561;8651;C_DD757B9F-D110-4D6D-8D82-F70C5C6F2BE2;חברו של האדם - דמיטרי דנילוב Default Annotations;/Descriptive;;"#38FF6C";CATMA_40FF1BBB-C64A-4FFA-B836-7FB831F97F9C;;;
"tag=""%""@2022-01-31T12:52:19.162";D_6270DCE2-EFCE-41AC-A34A-8A3D77C88349;חברו של האדם - דמיטרי דנילוב;13022;האדם תופס את מקומו ליד החלון;", הרכבת יוצאת לדרך,***האדם תופס את מקומו ליד החלון***""מוסקבה―גלותין"" מגיעה, ";1943;1971;C_DD757B9F-D110-4D6D-8D82-F70C5C6F2BE2;חברו של האדם - דמיטרי דנילוב Default Annotations;/NotDescriptive;;"#FF272D";CATMA_81A40F31-5D50-402A-928C-E583975E4854;;;
"tag=""%""@2022-01-31T12:52:19.162";D_6270DCE2-EFCE-41AC-A34A-8A3D77C88349;חברו של האדם - דמיטרי דנילוב;13022;נוסעים המעטים הם בני גיל העמידה לרוב ובני גיל הזהב.;"  במושב הסמוך יושב לו לָקָט***נוסעים המעטים הם בני גיל העמידה לרוב ובני גיל הזהב.***איזו נוחות מנחמת!  ה";5369;5420;C_DD757B9F-D110-4D6D-8D82-F70C5C6F2BE2;חברו של האדם - דמיטרי דנילוב Default Annotations;/Descriptive;;"#38FF6C";CATMA_29645005-3C47-4FDC-9E7F-34E72552ED05;;;
"tag=""%""@2022-01-31T12:52:19.162";D_6270DCE2-EFCE-41AC-A34A-8A3D77C88349;חברו של האדם - דמיטרי דנילוב;13022;בניין אפור בן חמש קומות;", נכנס באחת הכניסות,***בניין אפור בן חמש קומות***לבית מס' 4, ";8756;8779;C_DD757B9F-D110-4D6D-8D82-F70C5C6F2BE2;חברו של האדם - דמיטרי דנילוב Default Annotations;/Descriptive;;"#38FF6C";CATMA_0C1544AD-DC43-4A72-A037-E73875F1D45A;;;
"tag=""%""@2022-01-31T12:52:19.162";D_6270DCE2-EFCE-41AC-A34A-8A3D77C88349;חברו של האדם - דמיטרי דנילוב;13022;כעבור זמן מה האדם נרדם לו בכורסא, וחברו של האדם נרדם על שרפרף;".  לא נוח במיוחד לישון***כעבור זמן מה האדם נרדם לו בכורסא, וחברו של האדם נרדם על שרפרף***.  טוב, יאללה.  

";10544;10605;C_DD757B9F-D110-4D6D-8D82-F70C5C6F2BE2;חברו של האדם - דמיטרי דנילוב Default Annotations;/NotDescriptive;;"#FF272D";CATMA_0AD690B4-CB1A-484F-AD71-34DF9B4BAF46;;;
"tag=""%""@2022-01-31T12:52:19.162";D_6270DCE2-EFCE-41AC-A34A-8A3D77C88349;חברו של האדם - דמיטרי דנילוב;13022;"אורנים על יד תחנות ""מָלָכוֺבְקָה"", ""מְנֵת-חִלְקִיה"", ""שוֺרינו""";".

בין האורנים האדם מבחין***אורנים על יד תחנות ""מָלָכוֺבְקָה"", ""מְנֵת-חִלְקִיה"", ""שוֺרינו""***בכניסה לליוברצי.

האדם רואה ";2427;2489;C_DD757B9F-D110-4D6D-8D82-F70C5C6F2BE2;חברו של האדם - דמיטרי דנילוב Default Annotations;/Descriptive;;"#38FF6C";CATMA_45FB85DC-0362-4A26-B137-9824BDB83A5C;;;
"tag=""%""@2022-01-31T12:52:19.162";D_6270DCE2-EFCE-41AC-A34A-8A3D77C88349;חברו של האדם - דמיטרי דנילוב;13022;במושב הסמוך יושב לו לָקָט פטריות הנועל מגפי גומי, לרגליו ניצב דלי גדול;".  ייתכן ובקרון זה נוסעים***במושב הסמוך יושב לו לָקָט פטריות הנועל מגפי גומי, לרגליו ניצב דלי גדול***לרוב ובני גיל הזהב.  ";5422;5492;C_DD757B9F-D110-4D6D-8D82-F70C5C6F2BE2;חברו של האדם - דמיטרי דנילוב Default Annotations;/Descriptive;;"#38FF6C";CATMA_915ACB32-0E57-4A4F-B259-D6A4993D037E;;;
"tag=""%""@2022-01-31T12:52:19.162";D_6270DCE2-EFCE-41AC-A34A-8A3D77C88349;חברו של האדם - דמיטרי דנילוב;13022;האדם בוהה בפרטי נוף החולפים על פניו במבט מרחף ומפוזר.;"  אף על פי כן,***האדם בוהה בפרטי נוף החולפים על פניו במבט מרחף ומפוזר.***, האדם בוהה בחלון.

";2011;2064;C_DD757B9F-D110-4D6D-8D82-F70C5C6F2BE2;חברו של האדם - דמיטרי דנילוב Default Annotations;/NotDescriptive;;"#FF272D";CATMA_927A2887-0436-42ED-B66A-2E2E5059C0F8;;;
"tag=""%""@2022-01-31T12:52:19.162";D_6270DCE2-EFCE-41AC-A34A-8A3D77C88349;חברו של האדם - דמיטרי דנילוב;13022;לא נוח במיוחד לישון על שרפרף, וחברו של האדם נוטה שמאלה, קורס מהשרפרף וממשיך לישון על הרצפה;". 

חברו של האדם מנער***לא נוח במיוחד לישון על שרפרף, וחברו של האדם נוטה שמאלה, קורס מהשרפרף וממשיך לישון על הרצפה***האדם נרדם על שרפרף.  ";10608;10698;C_DD757B9F-D110-4D6D-8D82-F70C5C6F2BE2;חברו של האדם - דמיטרי דנילוב Default Annotations;/NotDescriptive;;"#FF272D";CATMA_0D4479CC-43AA-45CF-B700-2FBED58285EB;;;
"tag=""%""@2022-01-31T12:52:19.162";D_6270DCE2-EFCE-41AC-A34A-8A3D77C88349;חברו של האדם - דמיטרי דנילוב;13022;"בין האורנים האדם מבחין בבקתות עץ ישנות קרוב לתחנות ""אליהוּבְסְקָייָה"", ""מנוחה"", ""קָטָנֺובֺו"".";"

האדם רואה פרפר צבעוני עצום-מימדים***בין האורנים האדם מבחין בבקתות עץ ישנות קרוב לתחנות ""אליהוּבְסְקָייָה"", ""מנוחה"", ""קָטָנֺובֺו"".***, ""שוֺרינו"".

";2494;2588;C_DD757B9F-D110-4D6D-8D82-F70C5C6F2BE2;חברו של האדם - דמיטרי דנילוב Default Annotations;/Descriptive;;"#38FF6C";CATMA_6FAD6545-6A92-45FC-84B1-D198E599FAA2;;;
"tag=""%""@2022-01-31T12:52:19.162";D_6270DCE2-EFCE-41AC-A34A-8A3D77C88349;חברו של האדם - דמיטרי דנילוב;13022;הוא מקריח;, או שיש לו לחיים***הוא מקריח***.  למשל, לספר ש;8957;8966;C_DD757B9F-D110-4D6D-8D82-F70C5C6F2BE2;חברו של האדם - דמיטרי דנילוב Default Annotations;/Descriptive;;"#38FF6C";CATMA_D508E714-10EB-40F4-8343-7FFB44A7AF24;;;
"tag=""%""@2022-01-31T12:52:19.162";D_6270DCE2-EFCE-41AC-A34A-8A3D77C88349;חברו של האדם - דמיטרי דנילוב;13022;אף על פי כן, הוא מצליח להבחין בלא מעט פרטים;". 

האדם רואה קרונות כחולים***אף על פי כן, הוא מצליח להבחין בלא מעט פרטים***פניו במבט מרחף ומפוזר.  ";2066;2109;C_DD757B9F-D110-4D6D-8D82-F70C5C6F2BE2;חברו של האדם - דמיטרי דנילוב Default Annotations;/NotDescriptive;;"#FF272D";CATMA_877C0940-BC06-4C12-B630-FBD6E26287CE;;;
"tag=""%""@2022-01-31T12:52:19.162";D_6270DCE2-EFCE-41AC-A34A-8A3D77C88349;חברו של האדם - דמיטרי דנילוב;13022;"ייתכן ובקרון זה נוסעים לקטים נוספים.  ";"

רכבת הדיזל משמיעה שריקה קצרה***ייתכן ובקרון זה נוסעים לקטים נוספים.  ***לרגליו ניצב דלי גדול.  ";5495;5533;C_DD757B9F-D110-4D6D-8D82-F70C5C6F2BE2;חברו של האדם - דמיטרי דנילוב Default Annotations;/Descriptive;;"#38FF6C";CATMA_335DFAEF-ECE1-44BD-AFD2-6C997DC2175D;;;
"tag=""%""@2022-01-31T12:52:19.162";D_6270DCE2-EFCE-41AC-A34A-8A3D77C88349;חברו של האדם - דמיטרי דנילוב;13022;יש לו לחיים סמוקות והוא עליז ורענן;, או לספר שהוא שמן***יש לו לחיים סמוקות והוא עליז ורענן***שהוא מקריח, או ש;8972;9006;C_DD757B9F-D110-4D6D-8D82-F70C5C6F2BE2;חברו של האדם - דמיטרי דנילוב Default Annotations;/Descriptive;;"#38FF6C";CATMA_A2864E10-94A9-48EE-B5D6-AF5CEEE60587;;;
"tag=""%""@2022-01-31T12:52:19.162";D_6270DCE2-EFCE-41AC-A34A-8A3D77C88349;חברו של האדם - דמיטרי דנילוב;13022;חברו של האדם מנער את האדם בכתפו, האדם מתעורר, חושך, האדם וחברו של האדם הולכים לחנות שפתוחה כל הלילה, קונים להם משקה כהלי חלש וגם משקה חזק וחוזרים לדירה;".

שותים, משוחחים.***חברו של האדם מנער את האדם בכתפו, האדם מתעורר, חושך, האדם וחברו של האדם הולכים לחנות שפתוחה כל הלילה, קונים להם משקה כהלי חלש וגם משקה חזק וחוזרים לדירה***וממשיך לישון על הרצפה. 

";10704;10855;C_DD757B9F-D110-4D6D-8D82-F70C5C6F2BE2;חברו של האדם - דמיטרי דנילוב Default Annotations;/NotDescriptive;;"#FF272D";CATMA_E3F6F31D-691A-4509-A099-06FE30A0C0F1;;;
"tag=""%""@2022-01-31T12:52:19.162";D_6270DCE2-EFCE-41AC-A34A-8A3D77C88349;חברו של האדם - דמיטרי דנילוב;13022;"האדם רואה פרפר צבעוני עצום-מימדים המצוייר על קיר עורפי של בניין בן תשע קומות בְרָמֵנְסְקֺויֶה.";"

האדם רואה רכבת חשמלית מפורקת***האדם רואה פרפר צבעוני עצום-מימדים המצוייר על קיר עורפי של בניין בן תשע קומות בְרָמֵנְסְקֺויֶה.***, ""קָטָנֺובֺו"".

";2591;2686;C_DD757B9F-D110-4D6D-8D82-F70C5C6F2BE2;חברו של האדם - דמיטרי דנילוב Default Annotations;/Descriptive;;"#38FF6C";CATMA_57A89024-9A2A-4FEB-9887-AE79D098E412;;;
"tag=""%""@2022-01-31T12:52:19.162";D_6270DCE2-EFCE-41AC-A34A-8A3D77C88349;חברו של האדם - דמיטרי דנילוב;13022;רכבת הדיזל משמיעה שריקה קצרה ואט אט מתחילה לנוע לאורך שולי קולומנה;".  האדם בוהה בחלון.***רכבת הדיזל משמיעה שריקה קצרה ואט אט מתחילה לנוע לאורך שולי קולומנה***זה נוסעים לקטים נוספים.  

";5537;5603;C_DD757B9F-D110-4D6D-8D82-F70C5C6F2BE2;חברו של האדם - דמיטרי דנילוב Default Annotations;/Descriptive;;"#38FF6C";CATMA_45CF2036-04FB-4E61-ABC9-20D096622545;;;
"tag=""%""@2022-01-31T12:52:19.162";D_6270DCE2-EFCE-41AC-A34A-8A3D77C88349;חברו של האדם - דמיטרי דנילוב;13022;האדם רואה;" קרונות כחולים של הרכבת התחתית***האדם רואה***להבחין בלא מעט פרטים. 

";2115;2124;C_DD757B9F-D110-4D6D-8D82-F70C5C6F2BE2;חברו של האדם - דמיטרי דנילוב Default Annotations;/NotDescriptive;;"#FF272D";CATMA_036397B0-B7A6-4E62-AF41-8D46D6A46CBF;;;
"tag=""%""@2022-01-31T12:52:19.162";D_6270DCE2-EFCE-41AC-A34A-8A3D77C88349;חברו של האדם - דמיטרי דנילוב;13022;שותים, משוחחים.  השיחה, אם ניתן להגדיר אותה ככזו, נסובה כעת סביב נושא הכדורגל.;"

ראית איך לוקומוטיב הכניס ללוזנה***שותים, משוחחים.  השיחה, אם ניתן להגדיר אותה ככזו, נסובה כעת סביב נושא הכדורגל.***משקה חזק וחוזרים לדירה.

";10860;10938;C_DD757B9F-D110-4D6D-8D82-F70C5C6F2BE2;חברו של האדם - דמיטרי דנילוב Default Annotations;/NotDescriptive;;"#FF272D";CATMA_9094E81C-570D-4CE4-BFDA-35B2A9AF4F57;;;
"tag=""%""@2022-01-31T12:52:19.162";D_6270DCE2-EFCE-41AC-A34A-8A3D77C88349;חברו של האדם - דמיטרי דנילוב;13022;"האדם רואה רכבת חשמלית מפורקת, מושחתת ועם זאת חדישה למדי בתחנת השירות על יד רציף ""47 ק""מ"".";" 

מוקדם בבוקר היה מעונן וגשם***האדם רואה רכבת חשמלית מפורקת, מושחתת ועם זאת חדישה למדי בתחנת השירות על יד רציף ""47 ק""מ"".***בן תשע קומות בְרָמֵנְסְקֺויֶה.

";2689;2778;C_DD757B9F-D110-4D6D-8D82-F70C5C6F2BE2;חברו של האדם - דמיטרי דנילוב Default Annotations;/Descriptive;;"#38FF6C";CATMA_63639AE4-6A22-4CA5-A30F-DB6C99401E78;;;
"tag=""%""@2022-01-31T12:52:19.162";D_6270DCE2-EFCE-41AC-A34A-8A3D77C88349;חברו של האדם - דמיטרי דנילוב;13022;שמן או רזה או נמוך או שגובהו שני מטר;", או שעור פניו אפרורי***שמן או רזה או נמוך או שגובהו שני מטר***ורענן, או לספר שהוא ";9021;9057;C_DD757B9F-D110-4D6D-8D82-F70C5C6F2BE2;חברו של האדם - דמיטרי דנילוב Default Annotations;/Descriptive;;"#38FF6C";CATMA_5D342881-4825-4DA3-A435-7BA70E87C3C1;;;
"tag=""%""@2022-01-31T12:52:19.162";D_6270DCE2-EFCE-41AC-A34A-8A3D77C88349;חברו של האדם - דמיטרי דנילוב;13022;זה לא שרווח לו, אבל הוא חש הקלה מסויימת;".

בקצה השני של הקרון***זה לא שרווח לו, אבל הוא חש הקלה מסויימת***""סובחוז"", ו";2944;2983;C_DD757B9F-D110-4D6D-8D82-F70C5C6F2BE2;חברו של האדם - דמיטרי דנילוב Default Annotations;/NotDescriptive;;"#FF272D";CATMA_CFD600F0-C16B-46E7-9AA5-482A6DF4EDFA;;;
"tag=""%""@2022-01-31T12:52:19.162";D_6270DCE2-EFCE-41AC-A34A-8A3D77C88349;חברו של האדם - דמיטרי דנילוב;13022;לאורך מסילת הרכבת האדם רואה מסילות של חשמלית.;"

האדם רואה בתים דו-קומתיים בפרברי***לאורך מסילת הרכבת האדם רואה מסילות של חשמלית.***.  האדם בוהה בחלון.

";5626;5671;C_DD757B9F-D110-4D6D-8D82-F70C5C6F2BE2;חברו של האדם - דמיטרי דנילוב Default Annotations;/Descriptive;;"#38FF6C";CATMA_369C5046-710E-48C6-A188-E6C63FE3D3D8;;;
"tag=""%""@2022-01-31T12:52:19.162";D_6270DCE2-EFCE-41AC-A34A-8A3D77C88349;חברו של האדם - דמיטרי דנילוב;13022;עור פניו אפרורי ושפתיו דקות או עבות;, ושהוא לבוש ברישול,***עור פניו אפרורי ושפתיו דקות או עבות***שני מטר, או ש;9063;9098;C_DD757B9F-D110-4D6D-8D82-F70C5C6F2BE2;חברו של האדם - דמיטרי דנילוב Default Annotations;/Descriptive;;"#38FF6C";CATMA_5B01115F-DCC5-4204-A855-C5E8605F2E11;;;
"tag=""%""@2022-01-31T12:52:19.162";D_6270DCE2-EFCE-41AC-A34A-8A3D77C88349;חברו של האדם - דמיטרי דנילוב;13022;"קורא פתאום חברו של האדם ומרים את עיניו השתויות אל התקרה. ";"

ברדייב תותח.

האדם שוב***קורא פתאום חברו של האדם ומרים את עיניו השתויות אל התקרה. ***בֵּרְדִיָיֵב!  ברדייב! – ";11167;11225;C_DD757B9F-D110-4D6D-8D82-F70C5C6F2BE2;חברו של האדם - דמיטרי דנילוב Default Annotations;/NotDescriptive;;"#FF272D";CATMA_4EE130D6-6915-4E05-8D7E-5FD028DC56E9;;;
"tag=""%""@2022-01-31T12:52:19.162";D_6270DCE2-EFCE-41AC-A34A-8A3D77C88349;חברו של האדם - דמיטרי דנילוב;13022;מוקדם בבוקר היה מעונן וגשם קל טפטף מעל פיסגובו.;"  כעת, כמו שאומרים,***מוקדם בבוקר היה מעונן וגשם קל טפטף מעל פיסגובו.***""47 ק""מ"". 

";2783;2830;C_DD757B9F-D110-4D6D-8D82-F70C5C6F2BE2;חברו של האדם - דמיטרי דנילוב Default Annotations;/Descriptive;;"#38FF6C";CATMA_C9EB7496-63D7-4765-AF9B-14ACF2FFE7C4;;;
"tag=""%""@2022-01-31T12:52:19.162";D_6270DCE2-EFCE-41AC-A34A-8A3D77C88349;חברו של האדם - דמיטרי דנילוב;13022;בתים דו-קומתיים בפרברי קולומנה;".

לשמאלה של המסילה זורם***בתים דו-קומתיים בפרברי קולומנה***של חשמלית.

האדם רואה ";5685;5715;C_DD757B9F-D110-4D6D-8D82-F70C5C6F2BE2;חברו של האדם - דמיטרי דנילוב Default Annotations;/Descriptive;;"#38FF6C";CATMA_1AF2FB1E-126D-496D-8BBA-B441577CA42E;;;
"tag=""%""@2022-01-31T12:52:19.162";D_6270DCE2-EFCE-41AC-A34A-8A3D77C88349;חברו של האדם - דמיטרי דנילוב;13022;האחת מצהירה: הנה, שימו לב;", מתלים נוחים לתיקים הכבדים***האחת מצהירה: הנה, שימו לב***מופיעות בקרון שתי סוחרות.  ";3228;3253;C_DD757B9F-D110-4D6D-8D82-F70C5C6F2BE2;חברו של האדם - דמיטרי דנילוב Default Annotations;/NotDescriptive;;"#FF272D";CATMA_EA9F12A7-8F5E-4723-BDD0-5B3024973CA7;;;
"tag=""%""@2022-01-31T12:52:19.162";D_6270DCE2-EFCE-41AC-A34A-8A3D77C88349;חברו של האדם - דמיטרי דנילוב;13022;"האדם שוב נרדם בכורסא וחברו של האדם, טרם נופלו מהשרפרף, צולח לנחות על הספה.";"

לקראת הצהריים יוצא האדם מאחת***האדם שוב נרדם בכורסא וחברו של האדם, טרם נופלו מהשרפרף, צולח לנחות על הספה.***התקרה. 

ברדייב תותח.

";11244;11319;C_DD757B9F-D110-4D6D-8D82-F70C5C6F2BE2;חברו של האדם - דמיטרי דנילוב Default Annotations;/NotDescriptive;;"#FF272D";CATMA_497E9561-4B78-418A-B5B4-C8CF4641F25B;;;
"tag=""%""@2022-01-31T12:52:19.162";D_6270DCE2-EFCE-41AC-A34A-8A3D77C88349;חברו של האדם - דמיטרי דנילוב;13022;כעת, כמו שאומרים, התבהרו השמים.;"  האדם מתבונן בשמי בוקר כחולים***כעת, כמו שאומרים, התבהרו השמים.***קל טפטף מעל פיסגובו.  ";2832;2863;C_DD757B9F-D110-4D6D-8D82-F70C5C6F2BE2;חברו של האדם - דמיטרי דנילוב Default Annotations;/Descriptive;;"#38FF6C";CATMA_31860DE4-EEC8-4511-9435-73BF8D30D4F0;;;
"tag=""%""@2022-01-31T12:52:19.162";D_6270DCE2-EFCE-41AC-A34A-8A3D77C88349;חברו של האדם - דמיטרי דנילוב;13022;שהוא לבוש ברישול, במכנסי טרנינג וגופיה;, או להיפך, נקי***שהוא לבוש ברישול, במכנסי טרנינג וגופיה***דקות או עבות, ו;9101;9139;C_DD757B9F-D110-4D6D-8D82-F70C5C6F2BE2;חברו של האדם - דמיטרי דנילוב Default Annotations;/Descriptive;;"#38FF6C";CATMA_AAFA94A0-51DE-4B48-8A2A-CA7257D97F6D;;;
"tag=""%""@2022-01-31T12:52:19.162";D_6270DCE2-EFCE-41AC-A34A-8A3D77C88349;חברו של האדם - דמיטרי דנילוב;13022;השניה מכריזה;": לחמניות חמות.  כמעט***השניה מכריזה***חוטי תפירה וצבעי בד.  ";3319;3331;C_DD757B9F-D110-4D6D-8D82-F70C5C6F2BE2;חברו של האדם - דמיטרי דנילוב Default Annotations;/NotDescriptive;;"#FF272D";CATMA_2828CBEB-22D3-4B30-A5AD-0206F76A637E;;;
"tag=""%""@2022-01-31T12:52:19.162";D_6270DCE2-EFCE-41AC-A34A-8A3D77C88349;חברו של האדם - דמיטרי דנילוב;13022;לשמאלה של המסילה זורם נהר אוֺקָה.;"  הוא כמעט ולא נראה מאחורי***לשמאלה של המסילה זורם נהר אוֺקָה.***בתים דו-קומתיים בפרברי קולומנה.

";5720;5753;C_DD757B9F-D110-4D6D-8D82-F70C5C6F2BE2;חברו של האדם - דמיטרי דנילוב Default Annotations;/Descriptive;;"#38FF6C";CATMA_121F8F4E-F38D-4ADC-B819-DC11F1FE0B28;;;
"tag=""%""@2022-01-31T12:52:19.162";D_6270DCE2-EFCE-41AC-A34A-8A3D77C88349;חברו של האדם - דמיטרי דנילוב;13022;קי ומטופח;, אך מה לנו בכך***קי ומטופח***, או להיפך, נ;9152;9161;C_DD757B9F-D110-4D6D-8D82-F70C5C6F2BE2;חברו של האדם - דמיטרי דנילוב Default Annotations;/Descriptive;;"#38FF6C";CATMA_0541653B-46CE-4471-84AF-E0F0F1F031DD;;;
"tag=""%""@2022-01-31T12:52:19.162";D_6270DCE2-EFCE-41AC-A34A-8A3D77C88349;חברו של האדם - דמיטרי דנילוב;13022;"אחת הכניסות של בית מספר 4 בסמתת השדה השמינית של העיר אגמים,  צועד לאורכה של סמתת השדה השמינית, חולף על יד המכולת ""בואו נהיה חברים"", חוצה את רחוב לנין ומשתרך עד התחנה המרכזית.  בניין התחנה המרכזית הוא בניין מודרני יפה ועגול הצבוע בגוון כחול-אפור.";"  תחנות כאלו נבנו במחצית הראשונה***אחת הכניסות של בית מספר 4 בסמתת השדה השמינית של העיר אגמים,  צועד לאורכה של סמתת השדה השמינית, חולף על יד המכולת ""בואו נהיה חברים"", חוצה את רחוב לנין ומשתרך עד התחנה המרכזית.  בניין התחנה המרכזית הוא בניין מודרני יפה ועגול הצבוע בגוון כחול-אפור.***לקראת הצהריים יוצא האדם מ";11347;11592;C_DD757B9F-D110-4D6D-8D82-F70C5C6F2BE2;חברו של האדם - דמיטרי דנילוב Default Annotations;/Descriptive;;"#38FF6C";CATMA_463C23B4-1386-446F-9731-BF06FE140C02;;;
"tag=""%""@2022-01-31T12:52:19.162";D_6270DCE2-EFCE-41AC-A34A-8A3D77C88349;חברו של האדם - דמיטרי דנילוב;13022;"האדם מתבונן בשמי בוקר כחולים, באורנים, בשדות רחבי ידיים שעל יד רציף ""סובחוז""";", וזה לא שרווח לו***האדם מתבונן בשמי בוקר כחולים, באורנים, בשדות רחבי ידיים שעל יד רציף ""סובחוז""***שאומרים, התבהרו השמים.  ";2865;2941;C_DD757B9F-D110-4D6D-8D82-F70C5C6F2BE2;חברו של האדם - דמיטרי דנילוב Default Annotations;/Descriptive;;"#38FF6C";CATMA_1C67DFB2-3CCB-4633-A331-08D04723B513;;;
"tag=""%""@2022-01-31T12:52:19.162";D_6270DCE2-EFCE-41AC-A34A-8A3D77C88349;חברו של האדם - דמיטרי דנילוב;13022;הוא כמעט ולא נראה מאחורי העצים והבתים, אך נוכחותו מורגשת.;"

תחנת ביניים ""בָצ'ְ***הוא כמעט ולא נראה מאחורי העצים והבתים, אך נוכחותו מורגשת.***המסילה זורם נהר אוֺקָה.  ";5755;5812;C_DD757B9F-D110-4D6D-8D82-F70C5C6F2BE2;חברו של האדם - דמיטרי דנילוב Default Annotations;/Descriptive;;"#38FF6C";CATMA_D78C2038-9F02-4F93-BB27-5A5307A463CE;;;
"tag=""%""@2022-01-31T12:52:19.162";D_6270DCE2-EFCE-41AC-A34A-8A3D77C88349;חברו של האדם - דמיטרי דנילוב;13022;"האדם יורד מן הרכבת החשמלית, עובר לרציף השני בגשר להולכי רגל, ומגיע לרציף השלישי הקרוי בהתאם ""רציף מס' 3""";", רציף קצר ביותר.***האדם יורד מן הרכבת החשמלית, עובר לרציף השני בגשר להולכי רגל, ומגיע לרציף השלישי הקרוי בהתאם ""רציף מס' 3""***לתחנת ""גלותין"". 

";4895;4999;C_DD757B9F-D110-4D6D-8D82-F70C5C6F2BE2;חברו של האדם - דמיטרי דנילוב Default Annotations;/NotDescriptive;;"#FF272D";CATMA_1D1F7A4A-6A62-4524-BE2D-DFF4BCF9A5F4;;;
"tag=""%""@2022-01-31T12:52:19.162";D_6270DCE2-EFCE-41AC-A34A-8A3D77C88349;חברו של האדם - דמיטרי דנילוב;13022;"תחנות כאלו נבנו במחצית הראשונה של שנות האלפיים בכל מרכזי המועצות של מחוז מוסקבה בהתאם להחלטתה הנבונה של הנהלת המחוז.
";"
האדם רוכש כרטיס ל""פיסגובו""***תחנות כאלו נבנו במחצית הראשונה של שנות האלפיים בכל מרכזי המועצות של מחוז מוסקבה בהתאם להחלטתה הנבונה של הנהלת המחוז.
***ועגול הצבוע בגוון כחול-אפור.  ";11594;11712;C_DD757B9F-D110-4D6D-8D82-F70C5C6F2BE2;חברו של האדם - דמיטרי דנילוב Default Annotations;/Descriptive;;"#38FF6C";CATMA_2C79E08F-D0B3-4780-BA24-0B4EE2A286A0;;;
"tag=""%""@2022-01-31T12:52:19.162";D_6270DCE2-EFCE-41AC-A34A-8A3D77C88349;חברו של האדם - דמיטרי דנילוב;13022;בקצה השני של הקרון התמקמה לה חבורת צעירים במדי הרכבת: מקטורנים כחולים, חולצות לבנות, עניבות כחולות וכובעי מצחיה;".  הצעירים במדי הרכבת סואנים***בקצה השני של הקרון התמקמה לה חבורת צעירים במדי הרכבת: מקטורנים כחולים, חולצות לבנות, עניבות כחולות וכובעי מצחיה***הוא חש הקלה מסויימת.

";2988;3099;C_DD757B9F-D110-4D6D-8D82-F70C5C6F2BE2;חברו של האדם - דמיטרי דנילוב Default Annotations;/Descriptive;;"#38FF6C";CATMA_24C288B8-CC4B-42F5-AE84-4A810088CADD;;;
"tag=""%""@2022-01-31T12:52:19.162";D_6270DCE2-EFCE-41AC-A34A-8A3D77C88349;חברו של האדם - דמיטרי דנילוב;13022;הוא מקריח או קירח לחלוטין;", בין אם הוא לבוש***הוא מקריח או קירח לחלוטין***לנו בכך?  בין אם ";9186;9211;C_DD757B9F-D110-4D6D-8D82-F70C5C6F2BE2;חברו של האדם - דמיטרי דנילוב Default Annotations;/Descriptive;;"#38FF6C";CATMA_4EE413C2-3084-476E-9A49-1EB0A132E666;;;
"tag=""%""@2022-01-31T12:52:19.162";D_6270DCE2-EFCE-41AC-A34A-8A3D77C88349;חברו של האדם - דמיטרי דנילוב;13022;"האדם נכנס לקרון האמצעי ותופס מקום על יד החלון.";"

הקרון מצוייד במושבים נוחים,***האדם נכנס לקרון האמצעי ותופס מקום על יד החלון.***המסילה הראשי לכיוון רְיאָזָאן.  ";5231;5278;C_DD757B9F-D110-4D6D-8D82-F70C5C6F2BE2;חברו של האדם - דמיטרי דנילוב Default Annotations;/NotDescriptive;;"#FF272D";CATMA_25366CE5-3903-45EB-B809-BDE0ACA56EA7;;;
"tag=""%""@2022-01-31T12:52:19.162";D_6270DCE2-EFCE-41AC-A34A-8A3D77C88349;חברו של האדם - דמיטרי דנילוב;13022;"לפתע רכבת הדיזל נמלאת נוסעים. ";" ברובם בני גיל העמידה ובני***לפתע רכבת הדיזל נמלאת נוסעים. ***ביניים ""בָצ'ְמָאנוֺבוֺ"".  ";5847;5877;C_DD757B9F-D110-4D6D-8D82-F70C5C6F2BE2;חברו של האדם - דמיטרי דנילוב Default Annotations;/Descriptive;;"#38FF6C";CATMA_15937DA8-96BC-425B-910C-88DD650F7A58;;;
"tag=""%""@2022-01-31T12:52:19.162";D_6270DCE2-EFCE-41AC-A34A-8A3D77C88349;חברו של האדם - דמיטרי דנילוב;13022;הוא לבוש במכנסי טרנינג;" או רק בתחתונים ובגופיה,***הוא לבוש במכנסי טרנינג***קירח לחלוטין, בין אם ";9220;9242;C_DD757B9F-D110-4D6D-8D82-F70C5C6F2BE2;חברו של האדם - דמיטרי דנילוב Default Annotations;/Descriptive;;"#38FF6C";CATMA_EDC1F2B0-526A-475B-ACF8-508A2C50FB81;;;
"tag=""%""@2022-01-31T12:52:19.162";D_6270DCE2-EFCE-41AC-A34A-8A3D77C88349;חברו של האדם - דמיטרי דנילוב;13022;"האדם רוכש כרטיס ל""פיסגובו"".";"  בחזור הוא החליט לנסוע בדרך***האדם רוכש כרטיס ל""פיסגובו"".***הנבונה של הנהלת המחוז.

";11714;11741;C_DD757B9F-D110-4D6D-8D82-F70C5C6F2BE2;חברו של האדם - דמיטרי דנילוב Default Annotations;/NotDescriptive;;"#FF272D";CATMA_1E152AA2-A1B8-40A3-A1A5-6F954A9713BE;;;
"tag=""%""@2022-01-31T12:52:19.162";D_6270DCE2-EFCE-41AC-A34A-8A3D77C88349;חברו של האדם - דמיטרי דנילוב;13022;הצעירים במדי הרכבת סואנים, נוהמים וצוחקים.  אחד הצעירים משמיע מדי פעם יללה גרונית ארוכה.;"

בה בעת מופיעות בקרון שתי***הצעירים במדי הרכבת סואנים, נוהמים וצוחקים.  אחד הצעירים משמיע מדי פעם יללה גרונית ארוכה.***עניבות כחולות וכובעי מצחיה.  ";3102;3190;C_DD757B9F-D110-4D6D-8D82-F70C5C6F2BE2;חברו של האדם - דמיטרי דנילוב Default Annotations;/Descriptive;;"#38FF6C";CATMA_44A60CE5-01EE-4855-BAB4-7B52D2059C60;;;
"tag=""%""@2022-01-31T12:52:19.162";D_6270DCE2-EFCE-41AC-A34A-8A3D77C88349;חברו של האדם - דמיטרי דנילוב;13022;ברובם בני גיל העמידה ובני גיל הזהב, ברובם לקטים.;"  אישה מבוגרת אחת מספרת לאישה***ברובם בני גיל העמידה ובני גיל הזהב, ברובם לקטים.***רכבת הדיזל נמלאת נוסעים.  ";5878;5926;C_DD757B9F-D110-4D6D-8D82-F70C5C6F2BE2;חברו של האדם - דמיטרי דנילוב Default Annotations;/Descriptive;;"#38FF6C";CATMA_FE01611D-325D-44BB-B011-5A268130D39D;;;
"tag=""%""@2022-01-31T12:52:19.162";D_6270DCE2-EFCE-41AC-A34A-8A3D77C88349;חברו של האדם - דמיטרי דנילוב;13022;האדם בוהה בחלון;".

לאורך מסילת הרכבת האדם***האדם בוהה בחלון***לנוע לאורך שולי קולומנה.  ";5606;5621;C_DD757B9F-D110-4D6D-8D82-F70C5C6F2BE2;חברו של האדם - דמיטרי דנילוב Default Annotations;/NotDescriptive;;"#FF272D";CATMA_4E3A5C6A-1B0A-42ED-ABA9-E30F367B814F;;;
"tag=""%""@2022-01-31T12:52:19.162";D_6270DCE2-EFCE-41AC-A34A-8A3D77C88349;חברו של האדם - דמיטרי דנילוב;13022;" בחזור הוא החליט לנסוע בדרך קלה וטבעית יותר";".  האדם חש חמרמורת קלה*** בחזור הוא החליט לנסוע בדרך קלה וטבעית יותר***רוכש כרטיס ל""פיסגובו"". ";11742;11785;C_DD757B9F-D110-4D6D-8D82-F70C5C6F2BE2;חברו של האדם - דמיטרי דנילוב Default Annotations;/NotDescriptive;;"#FF272D";CATMA_08243846-7B07-4947-9B2D-720317BE2CA6;;;
"tag=""%""@2022-01-31T12:52:19.162";D_6270DCE2-EFCE-41AC-A34A-8A3D77C88349;חברו של האדם - דמיטרי דנילוב;13022;בה בעת מופיעות בקרון שתי סוחרות.;"  האחת מצהירה: הנה,***בה בעת מופיעות בקרון שתי סוחרות.***פעם יללה גרונית ארוכה.

";3194;3226;C_DD757B9F-D110-4D6D-8D82-F70C5C6F2BE2;חברו של האדם - דמיטרי דנילוב Default Annotations;/Descriptive;;"#38FF6C";CATMA_03F9BCAA-F5D8-4F00-8B72-2B49AE97D13A;;;
"tag=""%""@2022-01-31T12:52:19.162";D_6270DCE2-EFCE-41AC-A34A-8A3D77C88349;חברו של האדם - דמיטרי דנילוב;13022;בעל חזות שגרתית לחלוטין;", כמו שאומרים, ללא***בעל חזות שגרתית לחלוטין***.  חברו של האדם הינו ";9316;9339;C_DD757B9F-D110-4D6D-8D82-F70C5C6F2BE2;חברו של האדם - דמיטרי דנילוב Default Annotations;/Descriptive;;"#38FF6C";CATMA_873030B8-5801-475B-9FEB-E3B064DAAC97;;;
"tag=""%""@2022-01-31T12:52:19.162";D_6270DCE2-EFCE-41AC-A34A-8A3D77C88349;חברו של האדם - דמיטרי דנילוב;13022;"ישה מבוגרת אחת מספרת לאישה מבוגרת השניה: אתמול נסעתי בקו הזה, חצי מהנוסעים היו עובדי מפעל, כמה שהם צווחו, כמה שצווחו, אתה מכבד אותי צווחו, ככה הם צווחו.  נורא, פשוט נורא, עונה האישה המבוגרת השנייה לאישה המבוגרת הראשונה.";"

האדם רואה בנייני מפעל עצומים***ישה מבוגרת אחת מספרת לאישה מבוגרת השניה: אתמול נסעתי בקו הזה, חצי מהנוסעים היו עובדי מפעל, כמה שהם צווחו, כמה שצווחו, אתה מכבד אותי צווחו, ככה הם צווחו.  נורא, פשוט נורא, עונה האישה המבוגרת השנייה לאישה המבוגרת הראשונה.***, ברובם לקטים.  א";5929;6149;C_DD757B9F-D110-4D6D-8D82-F70C5C6F2BE2;חברו של האדם - דמיטרי דנילוב Default Annotations;/NotDescriptive;;"#FF272D";CATMA_2DC9713A-1899-49A2-873C-CFF8FDCE79D7;;;
"tag=""%""@2022-01-31T12:52:19.162";D_6270DCE2-EFCE-41AC-A34A-8A3D77C88349;חברו של האדם - דמיטרי דנילוב;13022;בנייני מפעל עצומים;".  ייתכן והפועלים הצווחניים עובדים***בנייני מפעל עצומים***המבוגרת הראשונה.

האדם רואה ";6162;6180;C_DD757B9F-D110-4D6D-8D82-F70C5C6F2BE2;חברו של האדם - דמיטרי דנילוב Default Annotations;/Descriptive;;"#38FF6C";CATMA_23C7E77A-8654-4AE3-AE43-282F525EE7D7;;;
"tag=""%""@2022-01-31T12:52:19.162";D_6270DCE2-EFCE-41AC-A34A-8A3D77C88349;חברו של האדם - דמיטרי דנילוב;13022;דירת חדר מצויה מתקופת חרושצ'וב;".  אם אתם כל כך***דירת חדר מצויה מתקופת חרושצ'וב***, כמו אצל כולם.  ";9614;9644;C_DD757B9F-D110-4D6D-8D82-F70C5C6F2BE2;חברו של האדם - דמיטרי דנילוב Default Annotations;/Descriptive;;"#38FF6C";CATMA_3269BF2D-8A4A-4F19-85AD-B8482DC092D1;;;
"tag=""%""@2022-01-31T12:52:19.162";D_6270DCE2-EFCE-41AC-A34A-8A3D77C88349;חברו של האדם - דמיטרי דנילוב;13022;האדם חש חמרמורת קלה, הוא רוצה הביתה, ואין לו חשק לנסוע ברכבת הדיזל,;" לחלוף על יד יערות ותחנות***האדם חש חמרמורת קלה, הוא רוצה הביתה, ואין לו חשק לנסוע ברכבת הדיזל,***בדרך קלה וטבעית יותר.  ";11788;11855;C_DD757B9F-D110-4D6D-8D82-F70C5C6F2BE2;חברו של האדם - דמיטרי דנילוב Default Annotations;/NotDescriptive;;"#FF272D";CATMA_30007FCE-5005-40BC-AC66-D69C5B3B4FB8;;;
"tag=""%""@2022-01-31T12:52:19.162";D_6270DCE2-EFCE-41AC-A34A-8A3D77C88349;חברו של האדם - דמיטרי דנילוב;13022;מתלים נוחים לתיקים הכבדים שלכם וגם מחטים, חוטי תפירה וצבעי בד.;"  השניה מכריזה: לחמניות חמות***מתלים נוחים לתיקים הכבדים שלכם וגם מחטים, חוטי תפירה וצבעי בד.***הנה, שימו לב, ";3255;3317;C_DD757B9F-D110-4D6D-8D82-F70C5C6F2BE2;חברו של האדם - דמיטרי דנילוב Default Annotations;/Descriptive;;"#38FF6C";CATMA_5C04EC9D-F6FF-4098-A685-FEB6155FDFE0;;;
"tag=""%""@2022-01-31T12:52:19.162";D_6270DCE2-EFCE-41AC-A34A-8A3D77C88349;חברו של האדם - דמיטרי דנילוב;13022;בקולומנה יש הרבה מפעלים;".  תחנת ביניים ""יַנְשוּפוֺבוֺ***בקולומנה יש הרבה מפעלים***, או במפעל אחר.  ";6246;6269;C_DD757B9F-D110-4D6D-8D82-F70C5C6F2BE2;חברו של האדם - דמיטרי דנילוב Default Annotations;/Descriptive;;"#38FF6C";CATMA_C1DC1050-2A7A-4AF8-8D0C-526AB7F4C278;;;
"tag=""%""@2022-01-31T12:52:19.162";D_6270DCE2-EFCE-41AC-A34A-8A3D77C88349;חברו של האדם - דמיטרי דנילוב;13022;ייתכן והפועלים הצווחניים עובדים דווקא במפעל זה, או במפעל אחר.;"  בקולומנה יש הרבה מפעלים.***ייתכן והפועלים הצווחניים עובדים דווקא במפעל זה, או במפעל אחר.***רואה בנייני מפעל עצומים.  ";6183;6244;C_DD757B9F-D110-4D6D-8D82-F70C5C6F2BE2;חברו של האדם - דמיטרי דנילוב Default Annotations;/NotDescriptive;;"#FF272D";CATMA_A86AC094-FB05-41B6-A3A8-605596BB6E6D;;;
"tag=""%""@2022-01-31T12:52:19.162";D_6270DCE2-EFCE-41AC-A34A-8A3D77C88349;חברו של האדם - דמיטרי דנילוב;13022;האדם תופס את מקומו על יד החלון ― בהתאם לכרטיס ― ונרדם טרם תחילת הנסיעה.;"  הוא מתעורר לרגע קט כשהאוטובוס***האדם תופס את מקומו על יד החלון ― בהתאם לכרטיס ― ונרדם טרם תחילת הנסיעה.***אגמים – גלותין"".

";11927;11998;C_DD757B9F-D110-4D6D-8D82-F70C5C6F2BE2;חברו של האדם - דמיטרי דנילוב Default Annotations;/NotDescriptive;;"#FF272D";CATMA_80E4437D-4916-4F1C-9806-E20579CADB96;;;
